Player,PlayerId,Season,Age,Tm,Pos,GP,CF,CA,FF,FA,PDO,OZoneStarts,DZoneStarts,TOIper60,TOIEven,SOGPercent
Justin Abdelkader,abdelju01,2019,31,DET,LW,71,782,918,571,716,98.5,42.9,57.1,15:23,12:54,59.7
Pontus Aberg,abergpo01,2019,25,TOT,LW,59,722,681,521,525,96.4,56.2,43.8,14:36,12:31,47.9
Vitaly Abramov,abramvi01,2019,20,OTT,RW,1,9,13,4,9,75,100,0,13:52,13:01,0
Noel Acciari,acciano01,2019,27,BOS,C,72,717,721,574,526,98.5,34.3,65.7,12:59,11:23,62.3
Kenny Agostino,agostke01,2019,26,TOT,LW,63,712,623,521,472,98.7,55.3,44.7,12:55,11:36,54.9
Andrew Agozzino,agozzan01,2019,28,COL,LW,11,64,78,54,56,104.6,52.9,47.1,7:48,7:16,78.6
Sebastian Aho,ahose01,2019,21,CAR,C,82,1556,1164,1191,872,100.7,59.2,40.8,20:09,16:03,52.1
Mark Alt,altma01,2019,27,COL,D,2,17,15,13,10,100,100,0,9:55,9:30,50
Karl Alzner,alzneka01,2019,30,MTL,D,9,129,120,83,89,102.3,52.7,47.3,17:18,15:08,42.1
Michael Amadio,amadimi01,2019,22,LAK,C,43,395,380,280,286,100.5,59.2,40.8,10:12,9:33,44.6
Joey Anderson,anderjo08,2019,20,NJD,RW,34,337,365,260,276,94.7,41.2,58.8,12:54,11:17,68.1
Josh Anderson,anderjo05,2019,24,CBJ,RW,82,1129,1136,854,861,103.9,46.4,53.6,17:01,14:19,60.1
Jaret Anderson-Dolan,anderja01,2019,19,LAK,C,5,42,53,27,41,97.8,47.6,52.4,11:36,9:49,60
Lias Andersson,anderli01,2019,20,NYR,C,42,321,434,249,320,94.8,44.7,55.3,10:43,10:00,65.1
Rasmus Andersson,anderra01,2019,22,CGY,D,79,1065,1006,767,754,102.8,58.1,41.9,16:02,14:40,51.8
Sven Andrighetto,andrisv01,2019,25,COL,RW,64,580,590,413,408,103.7,54.6,45.4,11:04,9:39,54.3
Artem Anisimov,anisiar01,2019,30,CHI,C,78,1026,1086,753,837,100.9,53.9,46.1,16:21,13:46,52.2
Mason Appleton,applema01,2019,23,WPG,C,36,259,273,190,201,106.7,53.5,46.5,8:12,7:55,54.7
Darren Archibald,archida02,2019,28,TOT,RW,12,60,86,46,66,95.2,43.3,56.7,7:23,7:22,90.9
Josh Archibald,archijo01,2019,26,ARI,RW,68,705,917,530,623,101,39,61,13:34,11:50,56.1
Joel Armia,armiajo01,2019,25,MTL,RW,57,738,659,533,486,99,54.8,45.2,15:48,12:29,60.1
Viktor Arvidsson,arvidvi01,2019,25,NSH,LW,58,1037,869,784,703,100.9,65.5,34.5,19:09,14:57,58.2
Zach Aston-Reese,astonza01,2019,24,PIT,C,43,434,475,334,350,103.8,39.7,60.3,13:39,11:34,61.3
Andreas Athanasiou,athanan01,2019,24,DET,C,76,985,1160,739,897,100.6,56.2,43.8,16:58,14:41,55.5
Cam Atkinson,atkinca01,2019,29,CBJ,RW,80,1237,1152,974,880,99.3,67.1,32.9,19:23,15:21,60.5
Nicolas Aube-Kubel,aubekni01,2019,22,PHI,RW,9,42,34,28,20,105.3,41.7,58.3,5:35,5:32,25
David Backes,backeda01,2019,34,BOS,C,70,783,654,597,483,99.8,47.8,52.2,13:02,11:12,64.8
Mikael Backlund,backlmi01,2019,29,CGY,C,77,1217,995,922,770,103.4,52.2,47.8,17:54,14:51,60.3
Nicklas Backstrom,backsni02,2019,31,WSH,C,80,1210,1213,905,898,100.6,50.7,49.3,19:57,15:19,58.9
Sven Baertschi,baertsv01,2019,26,VAN,LW,26,268,324,200,237,97.4,64.8,35.2,15:06,11:54,61.4
Josh Bailey,bailejo01,2019,29,NYI,C,82,1051,1130,778,821,101.8,56.3,43.8,16:50,14:19,57
Justin Bailey,baileju01,2019,23,PHI,RW,11,59,75,36,54,102.9,46.2,53.8,5:44,5:44,35.7
Rudolfs Balcers,balceru01,2019,21,OTT,LW,36,324,421,244,311,99.3,52.4,47.6,12:21,10:41,54.5
Ivan Barbashev,barbaiv01,2019,23,STL,C,80,674,710,510,520,98.7,37.3,62.7,11:31,9:51,55
Mark Barberio,barbema01,2019,28,COL,D,12,112,164,81,125,94.2,45,55,15:14,12:43,42.3
Aleksander Barkov,barkoal01,2019,23,FLA,C,82,1298,1318,1002,1023,100.1,45,55,22:21,16:46,65.1
Tyson Barrie,barrity01,2019,27,COL,D,78,1480,1314,1105,964,99,64.1,35.9,21:47,17:36,51.3
Matt Bartkowski,bartkma01,2019,30,MIN,D,2,15,23,10,19,122.2,71.4,28.6,10:42,10:42,40
Mathew Barzal,barzama01,2019,21,NYI,C,82,1222,1121,885,814,99,62.5,37.5,17:55,14:51,61.1
Nathan Bastian,bastina01,2019,21,NJD,RW,7,70,62,52,48,98.2,45.8,54.2,12:41,10:54,72.2
Drake Batherson,bathedr01,2019,20,OTT,C,20,150,277,120,195,102.7,49.6,50.4,13:25,11:32,66.7
Gavin Bayreuther,bayrega01,2019,24,DAL,D,19,284,306,217,224,101.5,41.7,58.3,18:11,16:19,40.3
Jay Beagle,beaglja01,2019,33,VAN,RW/C,57,451,665,348,485,99.4,18.5,81.5,13:39,10:56,63.4
Jake Bean,beanja01,2019,20,CAR,D,2,9,28,7,21,100,31.3,68.8,8:28,8:18,50
Nathan Beaulieu,beaulna01,2019,26,TOT,D,48,631,649,496,493,101.9,50.8,49.2,15:30,14:40,56.6
Anthony Beauvillier,beauvan01,2019,21,NYI,LW,81,979,990,717,719,100.2,58.1,41.9,14:39,12:56,63
Matt Beleskey,belesma01,2019,30,NYR,LW,4,19,33,14,27,112.5,27.3,72.7,7:22,7:22,50
Pierre-Edouard Bellemare,bellepi01,2019,33,VEG,LW,76,783,678,579,503,98.6,54.5,45.5,12:25,10:22,57.8
Louis Belpedio,belpelo01,2019,22,MIN,D,2,22,28,16,19,99.4,61.5,38.5,13:08,13:07,0
Jamie Benn,bennja01,2019,29,DAL,LW,78,1230,1214,894,888,102.2,57.4,42.6,18:14,15:07,57.4
Jordie Benn,bennjo01,2019,31,MTL,D,81,1293,1129,940,831,100.5,49,51,18:12,15:23,47
Sam Bennett,bennesa01,2019,22,CGY,C,71,871,758,637,573,98.1,54.2,45.8,13:17,11:33,55.6
Matt Benning,bennima01,2019,24,EDM,D,70,827,877,610,676,102.1,50.7,49.3,14:57,13:08,51.9
Patrice Bergeron,bergepa01,2019,33,BOS,C,65,987,746,744,547,101.9,58.8,41.2,18:28,13:30,55.6
Patrik Berglund,berglpa01,2019,30,BUF,C,23,215,230,159,174,97.6,20.2,79.8,13:03,11:22,55.6
Tyler Bertuzzi,bertuty01,2019,23,DET,LW,73,1001,1020,750,809,103,46,54,16:31,14:47,52.6
Alex Biega,biegaal01,2019,30,VAN,D,41,679,652,520,492,100.1,48.7,51.3,17:40,16:54,49.7
Clark Bishop,bishocl01,2019,22,CAR,C,20,188,183,138,137,96.5,62.6,37.4,9:27,9:06,43.2
Anthony Bitetto,bitetan01,2019,28,TOT,D,36,382,379,296,283,97.1,59.4,40.6,11:56,11:43,42.9
Anders Bjork,bjorkan01,2019,22,BOS,LW,20,181,195,136,132,98.9,62.2,37.8,11:48,10:53,48.6
Oliver Bjorkstrand,bjorkol01,2019,23,CBJ,RW,77,798,720,614,523,100.4,55.2,44.8,12:20,11:05,61.7
Nick Bjugstad,bjugsni01,2019,26,TOT,C,64,882,812,676,627,100.9,47.6,52.4,15:07,13:36,66.1
Colin Blackwell,blackco01,2019,25,NSH,C,6,71,53,47,36,96.6,63.2,36.8,9:44,9:38,41.7
Sammy Blais,blaissa01,2019,22,STL,LW,32,260,251,194,186,98.7,51.2,48.8,9:51,9:40,64.3
Joseph Blandisi,blandjo01,2019,24,TOT,C,9,57,76,42,59,100,24,76,7:27,7:13,53.3
Anton Blidh,blidhan01,2019,23,BOS,LW,1,7,7,5,4,100,50,50,13:46,12:20,
Teddy Blueger,bluegte01,2019,24,PIT,C,28,234,255,166,186,103.8,38.8,61.2,11:03,9:46,64.7
Mikkel Boedker,boedkmi01,2019,29,OTT,RW,71,694,990,509,748,99.8,50.6,49.4,14:01,12:07,58
Brock Boeser,boesebr01,2019,21,VAN,RW,69,1069,1001,777,734,99.6,69.8,30.2,19:09,15:29,51.9
Zach Bogosian,bogosza01,2019,28,BUF,D,65,1124,1202,865,934,99.7,47.9,52.1,21:38,18:38,51.4
Nick Bonino,boninni01,2019,30,NSH,C,81,919,979,691,684,105.1,30.4,69.6,16:18,12:42,58.4
William Borgen,borgewi01,2019,22,BUF,D,4,69,59,51,51,87.8,56.3,43.8,16:33,15:49,50
Henrik Borgström,borgshe01,2019,21,FLA,C,50,450,492,335,376,96.5,55.3,44.7,12:00,10:52,60
Mark Borowiecki,borowma01,2019,29,OTT,D,53,652,857,509,611,98.9,37.5,62.5,15:34,14:05,40.1
Robert Bortuzzo,borturo01,2019,29,STL,D,59,736,628,560,456,99.6,57.1,42.9,15:27,0.541666667,59.1
Evan Bouchard,bouchev01,2019,19,EDM,D,7,77,62,58,46,87.5,64.3,35.7,12:21,10:49,40
Reid Boucher,bouchre01,2019,25,VAN,C,1,6,5,6,4,100,100,0,5:28,5:28,
Gabriel Bourque,bourqga01,2019,28,COL,LW,55,313,449,243,310,102.5,48.6,51.4,9:45,7:13,56.7
Jay Bouwmeester,bouwmja01,2019,35,STL,D,78,1243,1363,941,1004,99.9,45.1,54.9,20:44,18:23,48.8
Madison Bowey,boweyma01,2019,23,TOT,D,50,598,751,450,558,102,49.7,50.3,15:16,14:16,42.5
Johnny Boychuk,boychjo01,2019,35,NYI,D,74,1115,1308,828,964,102.2,47.6,52.4,18:50,16:38,48.5
Travis Boyd,boydtr01,2019,25,WSH,C,53,447,473,337,352,103.6,48.2,51.8,9:50,0.375,45.5
Brian Boyle,boylebr01,2019,34,TOT,C,73,587,650,441,495,98,39.9,60.1,13:26,9:09,62.6
Tyler Bozak,bozakty01,2019,32,STL,C,72,839,823,627,598,99.1,50.6,49.4,16:21,12:39,63.2
Erik Brannstrom,branner01,2019,19,OTT,D,2,23,40,15,28,104.3,45.5,54.5,18:04,16:04,0
Derick Brassard,brassde01,2019,31,TOT,C,70,804,980,607,733,98.6,44.4,55.6,0.625,13:11,57.9
Jesper Bratt,brattje01,2019,20,NJD,W,51,627,683,472,521,99.2,43.7,56.3,15:10,12:41,65.2
Justin Braun,braunju01,2019,31,SJS,D,78,1231,1244,920,902,96.9,41.1,58.9,20:18,17:55,47.1
Connor Brickley,brickco01,2019,26,NYR,C,14,83,142,71,114,106.7,40,60,8:59,8:59,78.3
Daniel Brickley,brickda01,2019,23,LAK,D,4,38,54,31,38,92.9,61.1,38.9,12:49,12:29,100
Guillaume Brisebois,brisegu01,2019,21,VAN,D,8,79,84,58,59,88.8,67.5,32.5,11:01,10:58,50
T.J. Brodie,broditj01,2019,28,CGY,D,79,1497,1174,1095,904,101.5,52,48,21:28,18:33,43.8
Jonas Brodin,brodijo01,2019,25,MIN,D,82,1363,1315,1024,948,96.7,45.5,54.5,20:33,18:01,52.6
Kyle Brodziak,brodzky01,2019,34,EDM,C,70,599,689,443,486,96.3,31.7,68.3,11:42,9:54,57.4
Jonny Brodzinski,brodzjo01,2019,25,LAK,C,13,99,123,67,91,101,52.6,47.4,9:55,9:37,48.6
Troy Brouwer,brouwtr01,2019,33,FLA,RW,75,702,789,535,579,98.9,47.9,52.1,12:41,10:45,63.2
Connor Brown,brownco02,2019,25,TOR,RW,82,948,970,676,742,103.2,44.2,55.8,13:48,11:33,52.5
Dustin Brown,browndu01,2019,34,LAK,RW,72,1039,1184,790,915,99.4,43.8,56.2,20:24,15:57,60.7
J.T. Brown,brownjt01,2019,28,MIN,RW,56,421,463,315,329,99.9,33.8,66.2,9:10,8:51,58.3
Josh Brown,brownjo01,2019,25,FLA,D,37,362,386,280,289,98.5,56.6,43.4,13:18,12:25,43.1
Logan Brown,brownlo01,2019,20,OTT,C,2,16,19,12,12,90,57.1,42.9,10:31,7:59,66.7
Pavel Buchnevich,buchnpa01,2019,23,NYR,LW,64,776,860,585,655,99,49,51,15:11,13:13,56.1
Michael Bunting,buntimi01,2019,23,ARI,LW,5,45,38,32,32,100,69.6,30.4,9:33,9:33,45.5
Andre Burakovsky,burakan01,2019,23,WSH,LW,76,778,825,558,601,101.2,47.9,52.1,11:08,10:50,56.2
Erik Burgdoerfer,burgder01,2019,30,OTT,D,4,24,26,16,23,95.2,33.3,66.7,10:40,10:15,66.7
Brent Burns,burnsbr01,2019,33,SJS,D/RW,82,1850,1405,1316,1052,99.3,63.4,36.6,25:06:00,19:41,53.4
Will Butcher,butchwi01,2019,24,NJD,D,78,1187,1169,934,888,97.6,54.9,45.1,19:16,16:12,48.9
Chris Butler,butlech01,2019,32,STL,D,13,161,141,125,102,102.9,51,49,14:02,13:05,32.3
Dustin Byfuglien,byfugdu01,2019,33,WPG,D,42,812,715,603,549,100.7,56,44,24:21:00,19:29,50.4
Paul Byron,byronpa01,2019,29,MTL,C/LW,56,728,651,514,473,102.4,57.1,42.9,14:34,12:05,71.2
Drake Caggiula,caggidr01,2019,24,TOT,LW,55,708,720,534,554,100,54.5,45.5,14:26,13:19,64.9
Ryan Callahan,callary01,2019,33,TBL,RW,52,420,464,328,341,102.3,40.7,59.3,11:08,10:00,68.5
Matt Calvert,calvema01,2019,29,COL,LW,82,919,912,681,658,97.3,40.6,59.4,14:12,11:40,66.5
Kyle Capobianco,capobky01,2019,21,ARI,D,2,19,26,13,20,88.2,68.8,31.3,16:05,14:27,33.3
Paul Carey,careypa01,2019,30,TOT,C,7,52,63,33,46,101.6,52.5,47.5,10:39,10:25,57.1
Brandon Carlo,carlobr01,2019,22,BOS,D,72,1200,1068,921,817,102.2,52.4,47.6,20:55,18:06,53.2
John Carlson,carlsjo01,2019,29,WSH,D,80,1580,1515,1195,1128,101.7,56.6,43.4,25:04:00,18:24,47
Gabriel Carlsson,carlsga01,2019,22,CBJ,D,1,6,7,4,5,66.7,44.4,55.6,9:21,8:22,100
Ryan Carpenter,carpery01,2019,28,VEG,C,68,846,610,600,456,95.5,56.6,43.4,12:37,11:07,58.3
Daniel Carr,carrda01,2019,27,VEG,LW,6,61,38,40,28,91.7,64,36,9:50,9:41,61.1
Connor Carrick,carrico01,2019,24,TOT,D,34,446,520,335,393,95.6,46.7,53.3,16:48,15:25,51.2
Sam Carrick,carrisa01,2019,26,ANA,C,6,42,60,29,46,99,53.3,46.7,10:13,9:59,100
Trevor Carrick,carritr01,2019,24,CAR,D,1,11,7,8,4,66.7,66.7,33.3,11:29,11:29,0
William Carrier,carriwi01,2019,24,VEG,LW,54,543,419,396,327,97.4,57.2,42.8,9:55,9:51,63.4
Jeff Carter,carteje01,2019,34,LAK,C,76,1009,1125,745,868,98.3,48.7,51.3,18:09,14:19,52.9
Colby Cave,caveco01,2019,24,TOT,C,53,531,518,408,379,97.9,43,57,12:19,10:54,58
Cody Ceci,cecico01,2019,25,OTT,D,74,1324,1681,992,1266,99.7,44.7,55.3,22:34,19:36,46.6
Peter Cehlarik,cehlape01,2019,23,BOS,LW,20,272,182,210,135,100.6,66.5,33.5,12:36,11:21,52.6
Erik Cernak,cernaer01,2019,21,TBL,D,58,899,890,696,668,103.8,46.9,53.1,19:15,16:47,57.5
Thomas Chabot,chaboth01,2019,22,OTT,D,70,1469,1567,1090,1136,99.4,53.2,46.8,24:17:00,20:45,49.9
Michael Chaput,chapumi01,2019,26,MTL,C,32,295,272,204,204,96.7,48.9,51.1,11:13,9:14,53.4
Zdeno Chara,charazd01,2019,41,BOS,D,62,1129,968,856,708,101.7,46.8,53.2,21:05,17:58,49.7
Rourke Chartier,chartro01,2019,22,SJS,C,13,118,105,85,71,89.9,44.1,55.9,9:24,8:58,57.6
Jake Chelios,chelija01,2019,27,DET,D,5,67,84,46,64,101,46.4,53.6,17:12,16:28,38.5
Ben Chiarot,chiarbe01,2019,27,WPG,D,78,1129,1259,835,961,101.2,53.8,46.2,18:37,16:52,48.1
Alex Chiasson,chiasal01,2019,28,EDM,RW,73,854,1000,633,753,101.3,48.8,51.2,16:58,13:44,59.4
Filip Chlapik,chlapfi01,2019,21,OTT,C,5,66,58,45,39,93.2,50,50,13:52,12:14,69.2
Dennis Cholowski,cholode01,2019,20,DET,D,52,774,788,582,614,96.8,61,39,18:15,15:36,46.7
Jakob Chychrun,chychja01,2019,20,ARI,D,53,932,918,699,650,97.7,54.5,45.5,20:15,17:33,45.9
Filip Chytil,chytifi01,2019,19,NYR,C,75,810,924,608,680,96.3,49,51,13:47,12:19,54.7
Anthony Cirelli,cirelan01,2019,21,TBL,C,82,962,829,710,638,102.5,41.3,58.7,14:51,11:51,60.6
Casey Cizikas,cizikca01,2019,27,NYI,C,73,706,826,530,579,105.6,33.2,66.8,14:01,11:58,65.3
Fredrik Claesson,claesfr01,2019,26,NYR,D,37,489,533,356,383,100.3,54.7,45.3,17:15,15:40,41.1
Adam Clendening,clendad01,2019,26,CBJ,D,4,31,42,22,34,107.1,54.5,45.5,10:39,8:52,37.5
Kyle Clifford,cliffky01,2019,28,LAK,LW,72,741,683,559,511,100.3,43.1,56.9,10:29,10:11,59
Connor Clifton,cliftco01,2019,23,BOS,D,19,292,221,212,169,102.2,56.7,43.3,17:42,17:01,43.1
Cal Clutterbuck,cluttca01,2019,31,NYI,RW,73,639,717,492,508,102.1,33.6,66.4,13:58,10:53,50.8
Braydon Coburn,coburbr01,2019,33,TBL,D,74,1095,986,819,749,100.1,50,50,16:07,15:04,50.2
Andrew Cogliano,coglian01,2019,31,TOT,LW/C,78,800,831,615,619,100.4,37.2,62.8,12:35,11:07,61.6
Ian Cole,coleia01,2019,29,COL,D,71,1122,1098,827,776,98.3,45.7,54.3,19:45,16:19,45.3
Blake Coleman,colembl01,2019,27,NJD,C,78,958,1022,753,777,95.9,38.5,61.5,17:01,13:26,62.5
Blake Comeau,comeabl01,2019,32,DAL,RW,77,891,1007,652,734,99.3,30.9,69.1,15:44,13:32,57.3
J.T. Compher,comphj.01,2019,23,COL,LW,66,765,852,553,616,98.8,46.4,53.6,17:28,12:24,59.9
Max Comtois,comtoma01,2019,20,ANA,LW,10,81,160,60,127,116,38.4,61.6,14:35,13:06,47.4
Cory Conacher,conacco01,2019,29,TBL,LW,1,7,4,6,2,100,25,75,8:35,8:26,100
Erik Condra,condrer01,2019,32,DAL,RW,6,63,46,54,33,90,52.3,47.7,12:41,11:29,71.4
Kevin Connauton,connake01,2019,28,ARI,D,50,750,858,538,629,99.1,45.5,54.5,18:21,15:29,44.9
Brett Connolly,connobr01,2019,26,WSH,RW,81,968,966,706,729,103.2,50.7,49.3,13:20,12:22,57.2
Kyle Connor,connoky01,2019,22,WPG,LW,82,1209,1260,923,974,100.3,60.7,39.3,19:15,15:05,63.9
Andrew Copp,coppan01,2019,24,WPG,C,69,708,678,513,503,105.2,48.6,51.4,12:10,10:45,59
Nick Cousins,cousini01,2019,25,ARI,C,81,1025,1032,767,733,98.8,53.2,46.8,13:33,12:37,61.5
Logan Couture,coutulo01,2019,29,SJS,C,81,1250,1074,905,812,98,51.6,48.4,18:36,14:03,56.3
Sean Couturier,coutuse01,2019,26,PHI,C,80,1428,1252,1093,919,98.8,46.4,53.6,22:08,16:35,57.8
Charlie Coyle,coylech01,2019,26,TOT,C/RW,81,1122,1038,832,743,98.3,51.3,48.7,16:47,13:53,60.1
Adam Cracknell,crackad01,2019,33,ANA,RW,2,15,17,9,15,90.9,58.3,41.7,10:26,10:16,75
Sidney Crosby,crosbsi01,2019,31,PIT,C,79,1500,1287,1132,964,101.9,57.4,42.6,0.875,17:06,63.2
Lawson Crouse,crousla01,2019,21,ARI,LW,81,829,1022,630,711,100.6,44.8,55.2,12:57,11:33,60.9
Matt Cullen,cullema01,2019,42,PIT,C,71,547,747,425,556,102.5,19.3,80.7,11:31,9:10,68
Josh Currie,currijo01,2019,26,EDM,RW,21,161,184,112,134,103,36.8,63.2,8:43,8:40,55.9
Austin Czarnik,czarnau01,2019,26,CGY,C,54,556,454,410,330,99.5,51.1,48.9,11:20,9:57,53.7
Evgenii Dadonov,dadonev01,2019,29,FLA,RW,82,1187,1151,914,888,99.4,51.5,48.5,18:22,15:00,54.3
Rasmus Dahlin,dahlira01,2019,18,BUF,D,82,1513,1356,1162,1060,98.5,58.9,41.1,21:09,18:10,57.8
Carl Dahlstrom,dahlsca01,2019,24,CHI,D,38,558,640,418,488,103.8,37.8,62.2,18:36,16:42,53.8
Michael Dal Colle,dalcomi01,2019,22,NYI,LW,28,281,264,210,198,100.9,54.9,45.1,12:07,11:44,65.4
Trevor Daley,daleytr01,2019,35,DET,D,44,550,769,418,602,101.5,46.8,53.2,18:34,15:53,56.6
Zac Dalpe,dalpeza01,2019,29,CBJ,RW,1,7,14,5,12,125,50,50,9:01,9:01,50
Phillip Danault,danauph01,2019,25,MTL,LW,81,1454,1112,1042,829,99.8,44.7,55.3,17:46,14:46,55.9
Marko Daňo,danoma01,2019,24,COL,C,8,45,49,35,40,96.2,57.1,42.9,6:53,6:51,33.3
Laurent Dauphin,dauphla01,2019,23,ARI,C,1,10,13,7,6,75,50,50,12:19,12:19,50
Brandon Davidson,davidbr01,2019,27,CHI,D,10,120,126,83,94,94.5,43.8,56.3,13:48,12:24,29.2
Calvin de Haan,dehaaca01,2019,27,CAR,D,74,1314,1055,957,789,98.5,55.9,44.1,18:31,16:26,36
Jacob de La Rose,delarja01,2019,23,DET,LW,60,435,562,323,439,97.6,43.7,56.3,11:27,9:55,57.9
Chase De Leo,deleoch01,2019,23,ANA,C,1,13,11,12,8,111.1,55.6,44.4,12:32,11:12,80
Jean-Sebastien Dea,deaje01,2019,24,TOT,C,23,196,206,152,148,100.3,46.8,53.2,10:15,9:05,58
Anthony DeAngelo,deangan01,2019,23,NYR,D,61,972,1129,747,862,102.1,45.1,54.9,19:20,17:14,53.6
Alex DeBrincat,debrial01,2019,21,CHI,RW,82,1174,1158,866,879,100.8,60.9,39.1,17:42,14:19,54.5
Jake Debrusk,debruja01,2019,22,BOS,LW,68,901,710,699,543,99.9,64.7,35.3,16:10,13:16,60
Danny DeKeyser,dekeyda01,2019,28,DET,D,52,897,987,653,749,101.4,42.4,57.6,21:58,19:13,44.7
Michael Del Zotto,delzomi01,2019,28,TOT,D,42,621,622,463,475,97.7,56.7,43.3,17:02,15:14,40.2
Dylan DeMelo,demeldy01,2019,25,OTT,D,77,1247,1402,939,1007,100.4,50.9,49.1,19:17,17:09,50.7
Jason Demers,demerja01,2019,30,ARI,D,35,583,613,427,474,102.3,56.7,43.3,20:00,17:41,48.1
Travis Dermott,dermotr01,2019,22,TOR,D,64,1119,918,825,714,98,57.5,42.5,17:18,16:03,47.1
Nicolas Deslauriers,deslani01,2019,27,MTL,LW,48,414,414,299,305,94.4,54,46,10:02,9:37,56.5
Phillip Di Giuseppe,digiuph01,2019,25,TOT,LW,24,238,219,185,168,97.4,58.8,41.2,10:08,9:42,53.4
Jason Dickinson,dickija01,2019,23,DAL,C,67,687,757,525,546,102.6,37.2,62.8,13:22,11:45,61.4
Brenden Dillon,dillobr01,2019,28,SJS,D,82,1387,1057,1049,779,99.9,48.3,51.7,17:44,16:30,39.2
Christian Djoos,djoosch01,2019,24,WSH,D,45,549,577,402,454,103.7,59.7,40.3,13:34,13:29,44
Max Domi,domima01,2019,23,MTL,LW,82,1295,1218,947,889,103.5,52.6,47.4,17:23,14:45,56.1
Ryan Donato,donatry01,2019,22,TOT,C,56,675,609,485,477,96.2,62.6,37.4,13:42,11:37,55.4
Matt Donovan,donovma01,2019,28,NSH,D,2,14,20,10,14,95.8,100,0,7:24,7:24,100
Joonas Donskoi,donskjo01,2019,26,SJS,RW,80,1034,866,766,624,99.5,55.9,44.1,13:25,12:45,61.5
Jake Dotchin,dotchja01,2019,24,ANA,D,20,184,228,142,176,97.6,63.2,36.8,11:49,11:08,28
Drew Doughty,doughdr01,2019,29,LAK,D,82,1443,1598,1090,1246,97.9,48.7,51.3,26:31:00,0.875,48.4
Nic Dowd,dowdni01,2019,28,WSH,C,64,494,522,369,374,103.7,43,57,10:18,8:38,52.8
Justin Dowling,dowliju01,2019,28,DAL,C,11,115,119,77,80,92.9,44.4,55.6,12:40,11:41,37.5
Leon Draisaitl,draisle01,2019,23,EDM,C,82,1396,1446,1044,1108,101.3,53.2,46.8,22:35,18:05,57.2
Sheldon Dries,driessh01,2019,24,COL,C,40,275,321,211,231,95.6,47.3,52.7,9:04,8:01,63.8
Jonathan Drouin,drouijo01,2019,23,MTL,LW,81,1213,1098,879,825,98.5,52.5,47.5,16:56,0.583333333,58.3
Dillon Dube,dubedi01,2019,20,CGY,C,25,191,218,144,160,103.4,52.1,47.9,10:04,9:18,51.2
Brandon Dubinsky,dubinbr01,2019,32,CBJ,C,61,514,622,409,445,94.8,20.3,79.7,12:21,10:58,65.6
Pierre-Luc Dubois,duboipi01,2019,20,CBJ,LW,82,1255,1155,986,882,101.5,67.3,32.7,17:43,15:14,56.3
Matt Duchene,duchema01,2019,28,TOT,C,73,1127,1236,864,927,100.7,57.8,42.2,18:50,16:06,62.5
Anthony Duclair,duclaan01,2019,23,TOT,LW,74,733,811,558,599,101.2,61.1,38.9,12:42,11:03,59.5
Mathew Dumba,dumbama01,2019,24,MIN,D,32,619,596,474,451,96.8,55.9,44.1,23:23,19:07,46.5
Brian Dumoulin,dumoubr01,2019,27,PIT,D,76,1472,1367,1120,1034,102.4,48,52,21:02,18:22,43.8
Vince Dunn,dunnvi02,2019,22,STL,D,78,1208,976,905,715,100.4,61.1,38.9,17:31,15:14,49.3
Christian Dvorak,dvorach01,2019,22,ARI,C,20,223,250,168,192,99.8,49.4,50.6,14:23,13:01,58.1
Ryan Dzingel,dzingry01,2019,26,TOT,C,78,1075,1302,811,978,100.9,55.3,44.7,16:49,15:01,63.6
Cody Eakin,eakinco01,2019,27,VEG,C,78,966,979,698,727,103.4,50.8,49.2,15:22,12:56,57.4
Patrick Eaves,eavespa01,2019,34,ANA,RW,7,66,98,51,74,96.8,48.3,51.7,13:53,12:18,50
Jordan Eberle,eberljo01,2019,28,NYI,RW,78,1038,1057,757,787,99.4,53.4,46.6,16:32,13:39,62.7
Alexander Edler,edleral01,2019,32,VAN,D,56,926,1027,692,711,101.2,41.1,58.9,24:34:00,18:38,50.4
Joel Edmundson,edmunjo01,2019,25,STL,D,64,1015,999,761,729,100.4,45.6,54.4,19:23,17:07,50.5
Nikolaj Ehlers,ehlerni01,2019,22,WPG,LW,62,894,839,678,637,100.2,57.5,42.5,15:46,14:27,59.8
Christoffer Ehn,ehnch01,2019,22,DET,C,60,437,609,316,440,99.7,34.9,65.1,10:37,9:50,53.3
Jack Eichel,eicheja01,2019,22,BUF,C,77,1300,1228,1027,969,98.8,62.8,37.2,20:26,16:23,62.5
Aaron Ekblad,ekblaaa01,2019,22,FLA,D,82,1533,1550,1188,1188,99.6,47.1,52.9,23:39,19:38,57.1
Mattias Ekholm,ekholma01,2019,28,NSH,D,80,1592,1360,1221,1027,101.6,49.6,50.4,23:22,19:45,47.7
Oliver Ekman-Larsson,ekmanol01,2019,27,ARI,D,81,1522,1423,1107,1094,97.9,56.6,43.4,23:39,18:47,43.3
Remi Elie,eliere01,2019,23,BUF,LW,16,104,144,83,118,97.2,37.8,62.2,10:21,9:12,39.1
Lars Eller,ellerla01,2019,29,WSH,C,81,1042,984,768,744,99.2,47.1,52.9,16:32,12:54,59.5
Stefan Elliott,elliost01,2019,28,OTT,D,3,32,26,23,18,101.4,76.5,23.5,8:59,8:18,37.5
Ryan Ellis,ellisry01,2019,28,NSH,D,82,1588,1533,1210,1137,101.8,49,51,24:01:00,19:14,48.4
Deryk Engelland,engelde01,2019,36,VEG,D,74,1212,1212,875,909,99.9,49.2,50.8,19:53,16:31,48.8
Andreas Englund,engluan01,2019,23,OTT,D,3,35,23,25,17,70,60,40,13:20,12:37,100
Tyler Ennis,ennisty01,2019,29,TOR,C,51,372,426,279,323,99.6,35,65,9:56,8:15,65.9
Jonathan Ericsson,ericsjo01,2019,34,DET,D,52,645,818,465,651,99.4,41.3,58.7,17:12,14:53,45.3
Loui Eriksson,erikslo01,2019,33,VAN,LW,81,817,921,621,713,99.8,38,62,14:04,11:34,62.9
Joel Eriksson Ek,eriksjo02,2019,22,MIN,C,58,666,634,506,465,96.4,50.4,49.6,13:30,11:51,66.9
Adam Erne,ernead01,2019,23,TBL,LW,65,537,578,409,440,103.6,42.6,57.4,10:33,9:46,51.9
Robby Fabbri,fabbrro01,2019,23,STL,C,32,334,369,254,263,99.1,54.9,45.1,12:39,11:44,51.8
Dante Fabbro,fabbrda01,2019,20,NSH,D,4,42,39,31,28,94.2,51.7,48.3,12:44,12:31,71.4
Radek Faksa,faksara01,2019,25,DAL,C,81,954,1126,693,820,99.8,26.9,73.1,16:26,13:52,57.3
Justin Falk,falkju01,2019,30,OTT,D,10,78,122,57,96,95.3,39.7,60.3,12:56,11:48,46.7
Oscar Fantenberg,fanteos01,2019,27,TOT,D,61,778,778,571,570,100.7,55.4,44.6,15:59,14:29,47.6
Jesper Fast,fastje01,2019,27,NYR,RW,66,800,892,603,641,99.5,47.1,52.9,15:43,13:52,66.7
Justin Faulk,faulkju01,2019,26,CAR,D,82,1546,1340,1171,1013,100.4,54.2,45.8,22:26,17:46,50.1
Taylor Fedun,fedunta01,2019,30,DAL,D,54,685,627,507,439,99.3,46.9,53.1,13:51,12:36,56.2
Eric Fehr,fehrer01,2019,33,MIN,RW,72,555,599,417,420,97.2,32.1,67.9,11:03,9:08,51.9
Micheal Ferland,ferlami01,2019,26,CAR,LW,71,894,756,678,564,102.1,54.9,45.1,14:06,12:08,62.2
Kevin Fiala,fialake01,2019,22,TOT,LW,83,1165,1044,888,778,96.4,63.6,36.4,15:38,13:24,55.1
Valtteri Filppula,filppva01,2019,34,NYI,C,72,677,869,504,629,105.7,42.3,57.7,14:16,11:46,64.5
Christian Fischer,fischch01,2019,21,ARI,RW,71,741,728,551,560,98.1,57.6,42.4,13:10,11:29,59.8
Haydn Fleury,fleurha01,2019,22,CAR,D,20,249,236,196,173,101.2,54.3,45.7,12:32,12:09,42.5
Warren Foegele,foegewa01,2019,22,CAR,LW,77,885,760,644,593,95.8,57,43,12:30,11:06,53.8
Steven Fogarty,fogarst01,2019,25,NYR,C,10,53,81,41,62,98.3,56.7,43.3,7:46,7:46,81.8
Marcus Foligno,foligma01,2019,27,MIN,LW,82,753,694,564,496,97.9,42,58,11:58,10:03,59.9
Nick Foligno,foligni01,2019,31,CBJ,LW,73,942,1023,723,758,102.8,38.1,61.9,17:42,14:22,64.4
Christian Folin,folinch01,2019,27,TOT,D,45,593,610,448,444,102,48.9,51.1,15:40,14:30,41.6
Derek Forbort,forbode01,2019,26,LAK,D,81,1174,1414,881,1090,99.6,44,56,20:45,18:15,41
Alex Formenton,formeal01,2019,19,OTT,LW,9,74,119,55,84,100,46.6,53.4,11:40,11:10,64
Jakob Forsbacka Karlsson,forsbja01,2019,22,BOS,C,28,287,289,218,219,100.3,68,32,11:48,11:10,61.8
Filip Forsberg,forsbfi01,2019,24,NSH,C,64,1083,864,831,678,100.2,64,36,18:37,14:33,49.9
Gustav Forsling,forslgu02,2019,22,CHI,D,43,633,677,453,508,97.9,53,47,17:05,15:47,51.8
Alexandre Fortin,fortial01,2019,21,CHI,LW,24,260,242,193,182,95.3,45.2,54.8,10:35,10:09,51.8
Cam Fowler,fowleca01,2019,27,ANA,D,59,988,1201,720,910,100.1,53,47,23:22,19:18,42.5
Trent Frederic,fredetr01,2019,20,BOS,C,15,109,114,75,82,93.4,49.3,50.7,9:24,8:57,79.2
Mark Friedman,friedma01,2019,23,PHI,D,1,11,10,7,4,75,87.5,12.5,12:33,12:33,100
Tanner Fritz,fritzta01,2019,27,NYI,C,8,61,84,44,62,93,47.1,52.9,10:49,10:29,46.2
Martin Frk,frkma01,2019,25,DET,RW,30,199,247,141,187,96.6,64.1,35.9,9:11,8:07,48.3
Michael Frolik,frolimi01,2019,30,CGY,LW,65,891,699,662,523,102.9,52,48,13:22,12:42,60.8
Kurtis Gabriel,gabriku01,2019,25,NJD,RW,22,103,175,80,129,104.5,36.4,63.6,7:22,7:19,53.8
Sam Gagner,gagnesa01,2019,29,TOT,C,32,442,379,337,282,96.1,47.6,52.4,14:35,13:08,57.1
Alex Galchenyuk,galchal01,2019,24,ARI,C,72,848,900,618,673,97.5,63.1,36.9,15:44,12:31,55.2
Brendan Gallagher,gallabr01,2019,26,MTL,RW,82,1468,1015,1044,761,98.4,50,50,16:22,13:52,56.9
Joseph Gambardella,gambajo01,2019,25,EDM,C,15,78,127,55,93,108.9,26.3,73.7,8:06,8:06,53.8
Dylan Gambrell,gambrdy01,2019,22,SJS,C,8,48,58,33,45,104.8,48.5,51.5,8:38,8:15,60
Jake Gardiner,gardija01,2019,28,TOR,D,62,1313,1200,949,933,103.8,50.4,49.6,21:13,19:07,33.1
Conor Garland,garlaco01,2019,22,ARI,RW,47,496,434,389,318,100.3,59.4,40.6,12:47,10:21,65.9
Jason Garrison,garrija01,2019,34,EDM,D,17,161,192,127,152,101.8,50.4,49.6,12:42,10:37,51.6
Adam Gaudette,gaudead01,2019,22,VAN,C,56,463,522,343,391,98.7,59.4,40.6,10:57,9:31,50
Frederick Gaudreau,gaudrfr01,2019,25,NSH,C,55,479,387,384,271,98.4,51.6,48.4,9:01,8:59,57.3
Johnny Gaudreau,gaudrjo01,2019,25,CGY,LW,82,1443,1184,1068,920,101.1,57.8,42.2,20:04,16:42,56.1
Brendan Gaunce,gauncbr01,2019,24,VAN,C,3,20,17,12,15,128.9,42.9,57.1,7:37,7:37,100
Cameron Gaunce,gauncca01,2019,28,TBL,D,2,26,24,15,20,114.3,30,70,15:40,14:34,50
Frederik Gauthier,gauthfr01,2019,23,TOR,C,70,466,551,327,412,103.7,27.1,72.9,8:22,8:05,52.9
Timothy Gettinger,gettiti01,2019,20,NYR,LW,4,22,33,20,25,101.4,66.7,33.3,7:31,7:31,33.3
Ryan Getzlaf,getzlry01,2019,33,ANA,C,67,1072,1043,791,792,97.1,47,53,19:26,16:07,49.1
Brian Gibbons,gibbobr02,2019,30,TOT,C,64,522,672,375,507,101.7,53.1,46.9,10:55,10:07,54.3
Brandon Gignac,gignabr01,2019,21,NJD,C,1,8,16,6,13,80,33.3,66.7,9:04,9:04,100
Dennis Gilbert,gilbede01,2019,22,CHI,D,1,10,10,8,7,100,33.3,66.7,12:46,12:46,
John Gilmour,gilmojo01,2019,25,NYR,D,5,61,97,51,67,95.1,66.7,33.3,16:05,15:55,47.4
Stephen Gionta,giontst01,2019,35,NYI,C,5,28,38,21,30,78.9,52.2,47.8,8:47,7:41,50
Mark Giordano,giordma01,2019,35,CGY,D,78,1557,1170,1139,899,101.9,51.7,48.3,24:14:00,18:16,47.9
Samuel Girard,girarsa01,2019,20,COL,D,82,1359,1422,993,1042,101.5,56.4,43.6,19:54,17:40,41.6
Dan Girardi,girarda01,2019,34,TBL,D,62,931,933,716,707,100.7,49,51,17:48,15:32,57.3
Zemgus Girgensons,girgeze01,2019,25,BUF,C,72,681,723,525,561,98.1,15.3,84.7,13:37,11:09,59.1
Claude Giroux,giroucl01,2019,31,PHI,C/RW,82,1458,1291,1095,963,101.1,53.3,46.7,21:27,16:06,54.7
Ben Gleason,gleasbe01,2019,20,DAL,D,4,43,54,26,41,100,62.1,37.9,14:53,13:55,50
Luke Glendening,glendlu01,2019,29,DET,C,78,783,1121,583,840,102.6,33.5,66.5,15:48,13:08,60.4
Nikolay Goldobin,goldoni01,2019,23,VAN,LW,63,761,753,562,549,99.3,64,36,14:59,12:18,57.4
Alex Goligoski,goligal01,2019,33,ARI,D,76,1286,1391,955,985,99.2,48.2,51.8,20:49,17:20,44.2
Cody Goloubef,golouco01,2019,29,OTT,D,5,42,64,33,48,100.7,42.9,57.1,10:49,10:33,50
Barclay Goodrow,goodrba01,2019,25,SJS,RW,82,734,604,522,415,99.3,50.6,49.4,11:01,9:28,57.9
Shayne Gostisbehere,gostish01,2019,25,PHI,D,78,1268,1159,939,862,97.1,56.8,43.2,19:40,15:58,48.3
Tyrell Goulbourne,goulbty01,2019,25,PHI,LW,2,11,9,8,6,100,40,60,7:25,7:25,75
Yanni Gourde,gourdya01,2019,27,TBL,C,80,1017,950,756,717,101.3,49.3,50.7,15:50,12:40,62.2
Michael Grabner,grabnmi01,2019,31,ARI,RW,41,417,483,309,342,96.1,33.3,66.7,14:23,11:57,64.7
Markus Granlund,granlma01,2019,25,VAN,C,77,740,785,558,578,99.7,41.4,58.6,15:03,11:02,62.1
Mikael Granlund,granlmi01,2019,26,TOT,C,79,1224,1151,922,835,97.3,52.8,47.2,18:21,15:01,57.4
Derek Grant,grantde01,2019,28,TOT,C,56,501,542,387,404,98,39.2,60.8,11:41,9:57,62.7
Kevin Gravel,graveke01,2019,26,EDM,D,36,419,441,304,316,99.4,48.1,51.9,14:43,13:06,45.4
Ryan Graves,gravery01,2019,23,COL,D,26,281,286,217,195,101.4,51.9,48.1,11:06,9:53,41.9
Anthony Greco,grecoan01,2019,25,FLA,RW,1,12,8,7,8,50,60,40,9:30,9:30,66.7
Mike Green,greenmi03,2019,33,DET,D,43,768,786,609,609,100.3,50.7,49.3,21:41,19:33,52.9
Andy Greene,greenan01,2019,36,NJD,D,82,1178,1433,925,1070,99,39.4,60.6,20:49,16:21,50.2
Jordan Greenway,greenjo02,2019,21,MIN,LW,81,925,974,687,717,97.8,54.6,45.4,13:38,12:49,52.9
A.J. Greer,greeraj01,2019,22,COL,LW,15,76,82,60,60,96,52.8,47.2,6:16,6:11,64.3
Rocco Grimaldi,grimaro01,2019,25,NSH,C,53,562,414,420,304,97.3,59.6,40.4,10:00,9:57,62.8
Carl Grundstrom,grundca01,2019,21,LAK,RW,15,186,186,145,143,99.5,55.3,44.7,14:58,12:56,45.8
Eric Gryba,grybaer01,2019,30,NJD,D,10,116,134,84,98,98.5,36.7,63.3,15:18,13:34,47.8
Matt Grzelcyk,grzelma01,2019,25,BOS,D,66,1041,980,809,744,101,49.8,50.2,19:08,16:51,49.2
Radko Gudas,gudasra01,2019,28,PHI,D,77,1136,1176,838,848,101.3,41.4,58.6,17:53,15:05,46.7
Erik Gudbranson,gudbrer01,2019,27,TOT,D,76,1072,1251,804,943,97.9,45.1,54.9,18:14,16:04,49.5
Jake Guentzel,guentja01,2019,24,PIT,C,82,1493,1342,1142,1017,101,58.1,41.9,19:21,16:37,60.5
Brendan Guhle,guhlebr01,2019,21,TOT,D,8,107,107,83,84,96.9,68.6,31.4,15:01,13:59,51.7
Carl Gunnarsson,gunnaca01,2019,32,STL,D,25,333,285,245,212,101.5,48.5,51.5,15:56,14:13,43.8
Denis Gurianov,guriade01,2019,21,DAL,RW,21,165,223,120,156,98,50.4,49.6,10:52,9:46,54.8
Erik Gustafsson,gustaer02,2019,26,CHI,D,79,1554,1507,1132,1160,100.2,60.8,39.2,22:35,19:25,46.4
Carl Hagelin,hagelca01,2019,30,TOT,LW,58,715,609,536,454,100.2,56.8,43.2,14:43,12:29,55.6
Robert Hagg,haggro01,2019,23,PHI,D,82,1101,1397,838,991,101.3,42.7,57.3,16:56,14:59,43.4
Ron Hainsey,hainsro01,2019,37,TOR,D,81,1479,1547,1115,1190,104.5,47.5,52.5,20:15,17:17,46.3
Libor Hajek,hajekli01,2019,20,NYR,D,5,71,60,59,46,99.9,47.3,52.7,16:32,15:29,90.9
Micheal Haley,haleymi01,2019,32,TOT,C,43,292,306,223,219,98.8,49.4,50.6,8:05,8:03,47.9
Taylor Hall,hallta02,2019,27,NJD,LW,33,554,476,438,355,95.9,54.5,45.5,19:39,15:51,54.6
Dan Hamhuis,hamhuda01,2019,36,NSH,D,57,700,694,510,515,99.1,47.6,52.4,16:03,14:21,47.6
Dougie Hamilton,hamildo01,2019,25,CAR,D,82,1762,1273,1317,970,97.7,55.6,44.4,19:40,17:33,52.4
Travis Hamonic,hamontr01,2019,28,CGY,D,69,1324,1149,989,857,100.5,49.9,50.1,20:52,17:49,44.8
Noah Hanifin,hanifno01,2019,22,CGY,D,80,1481,1324,1128,1008,100.9,49.9,50.1,20:46,17:58,47.7
Joel Hanley,hanlejo01,2019,27,DAL,D,16,174,161,132,110,98.9,44.4,55.6,13:42,13:02,37.5
Markus Hannikainen,hannima01,2019,25,CBJ,LW,44,336,331,268,248,96.7,37.1,62.9,9:29,9:15,59.1
Martin Hanzal,hanzama01,2019,31,DAL,C,7,60,81,48,63,92.1,43.2,56.8,12:52,9:43,73.7
Ben Harpur,harpube01,2019,24,OTT,D,51,600,861,448,631,99.6,43.1,56.9,17:37,15:08,50.5
Scott Harrington,harrisc01,2019,25,CBJ,D,73,784,869,608,644,100.9,49.7,50.3,13:03,12:07,48.2
Ryan Hartman,hartmry01,2019,24,TOT,RW,83,973,952,712,740,100.3,44.5,55.5,13:07,12:23,59.2
Garnet Hathaway,hathaga01,2019,27,CGY,RW,76,567,578,416,417,103.3,48.8,51.2,10:32,8:38,56.6
Erik Haula,haulaer01,2019,27,VEG,LW,15,268,160,173,109,97.5,60,40,16:35,14:01,40.6
Jayce Hawryluk,hawryja01,2019,23,FLA,C,42,341,364,268,270,96,55.4,44.6,9:26,9:18,59.3
John Hayden,haydejo01,2019,23,CHI,C,54,375,440,260,333,96.9,45.9,54.1,9:10,8:32,46.7
Kevin Hayes,hayeske01,2019,26,TOT,RW,71,979,953,726,723,99,53.2,46.8,18:16,14:23,52.3
Dillon Heatherington,heathdi01,2019,23,DAL,D,5,49,58,41,47,112.9,43.5,56.5,10:11,10:08,62.5
Victor Hedman,hedmavi01,2019,28,TBL,D,70,1223,1133,931,862,102.6,51.9,48.1,22:46,17:20,55.5
Tim Heed,heedti01,2019,28,SJS,D,37,467,421,327,306,105.2,59.9,40.1,14:22,12:54,44.6
Danton Heinen,heineda01,2019,23,BOS,C/LW,77,921,819,692,611,102.5,55.3,44.7,13:58,12:28,54.5
Miro Heiskanen,heiskmi01,2019,19,DAL,D,82,1588,1530,1193,1155,97.8,52.8,47.2,23:07,19:56,50
Darren Helm,helmda01,2019,32,DET,C/LW,61,692,775,514,577,98,42.3,57.7,14:35,12:39,56
Matt Hendricks,hendrma01,2019,37,TOT,C,26,186,202,133,148,98.1,38.1,61.9,8:50,8:03,57.5
Adam Henrique,henriad01,2019,28,ANA,C,82,925,1075,692,798,100.7,51.3,48.7,16:27,13:01,54.5
Tomas Hertl,hertlto01,2019,25,SJS,C,77,1194,1006,880,743,98.8,50.7,49.3,19:01,14:26,57
Joe Hicketts,hickejo01,2019,22,DET,D,11,124,190,94,137,92.6,43.3,56.7,18:35,15:57,64
Thomas Hickey,hicketh01,2019,29,NYI,D,40,560,610,412,439,101.3,44.7,55.3,18:30,16:11,42.7
Vinnie Hinostroza,hinosvi01,2019,24,ARI,C,72,984,939,701,683,99.8,39.9,60.1,15:16,13:47,57.4
Roope Hintz,hintzro01,2019,22,DAL,LW,58,621,646,455,457,96.6,48.9,51.1,14:03,11:57,60
Taro Hirose,hirosta01,2019,22,DET,LW,10,106,175,81,128,106,47.8,52.2,15:18,14:23,68.2
Nico Hischier,hischni01,2019,20,NJD,C,69,966,951,756,717,99.5,54.2,45.8,18:06,14:22,64.5
Niklas Hjalmarsson,hjalmni01,2019,31,ARI,D,82,1173,1235,892,871,99,35.6,64.4,19:42,16:27,52.3
Joshua Ho-Sang,hosanjo01,2019,23,NYI,C/RW,10,129,92,101,66,102.2,40.3,59.7,14:31,12:36,66.7
Mike Hoffman,hoffmmi02,2019,29,FLA,C/LW,82,1166,1127,882,845,96.8,58.8,41.2,17:50,14:23,57.3
Nick Holden,holdeni01,2019,31,VEG,D,61,1067,849,775,622,98.7,56.5,43.5,18:18,16:21,41.3
Justin Holl,hollju01,2019,27,TOR,D,11,131,119,93,102,92.1,58.4,41.6,12:30,12:27,42.9
Korbinian Holzer,holzeko01,2019,30,ANA,D,22,251,286,194,213,104.1,43.6,56.4,16:04,13:29,45.5
Julius Honka,honkaju01,2019,23,DAL,D,29,333,341,259,250,97.5,59,41,13:43,13:03,58.5
Patric Hornqvist,hornqpa01,2019,32,PIT,RW,69,903,877,660,630,100.8,43.1,56.9,15:29,12:37,65.2
Bo Horvat,horvabo01,2019,23,VAN,C,82,1366,1378,1007,1018,100.1,40.9,59.1,20:49,16:51,63.8
Brett Howden,howdebr01,2019,20,NYR,C,66,700,949,529,727,99.7,48,52,14:56,12:18,58.7
Filip Hronek,hronefi01,2019,21,DET,D,46,736,727,530,575,98.3,46.9,53.1,19:58,17:07,44.5
Jonathan Huberdeau,huberjo01,2019,25,FLA,C,82,1280,1183,994,917,98,49.2,50.8,18:51,15:16,63.1
Charles Hudon,hudonch01,2019,24,MTL,LW,32,323,342,235,242,95.5,55.5,44.5,11:40,10:05,57.5
Quinn Hughes,hughequ01,2019,19,VAN,D,5,87,75,61,58,100.1,84.4,15.6,18:05,16:48,50
Brad Hunt,huntbr01,2019,30,TOT,D,42,544,441,411,331,97.4,61.5,38.5,14:53,12:28,53.6
Dryden Hunt,huntdr01,2019,23,FLA,LW,31,287,324,215,231,100.4,50.3,49.7,11:04,10:57,59.6
Matt Hunwick,hunwima01,2019,33,BUF,D,14,180,207,137,167,95.3,54.8,45.2,15:41,14:23,55.6
Ben Hutton,huttobe01,2019,25,VAN,D,69,1154,1333,855,1016,98.2,49.6,50.4,22:21,18:09,44.7
Tomas Hyka,hykato01,2019,25,VEG,RW,17,217,134,146,95,93.4,57.1,42.9,11:46,9:46,46.8
Zach Hyman,hymanza01,2019,26,TOR,C,71,1226,1111,879,851,102.4,51.6,48.4,17:16,14:40,59.9
Alex Iafallo,iafalal01,2019,25,LAK,C,82,1050,1170,779,875,99.1,44.5,55.5,16:50,14:42,62.4
Matt Irwin,irwinma01,2019,31,NSH,D,44,485,438,360,313,101.2,53.8,46.2,11:18,11:04,44.6
Joshua Jacobs,jacobjo01,2019,22,NJD,D,1,8,12,7,10,80,57.1,42.9,14:54,14:54,50
Mark Jankowski,jankoma01,2019,24,CGY,C,79,785,745,564,534,98.1,51.5,48.5,12:42,10:31,51
Mattias Janmark,janmama02,2019,26,DAL,C,81,951,998,709,746,99.3,42.9,57.1,15:13,13:21,59.7
Calle Jarnkrok,jarnkca01,2019,27,NSH,C,79,952,905,707,676,102.6,47.6,52.4,15:26,12:45,54.1
Christian Jaros,jarosch01,2019,22,OTT,D,61,657,861,509,606,97.6,44.1,55.9,14:22,13:29,54.6
Dmitrij Jaskin,jaskidm01,2019,25,WSH,RW,37,345,325,249,245,97.3,42.1,57.9,10:05,9:50,52.2
Boone Jenner,jennebo01,2019,25,CBJ,C,77,1002,1076,777,788,101.2,34.2,65.8,17:04,0.583333333,60.1
Nick Jensen,jenseni02,2019,28,TOT,D,80,1223,1271,917,943,100.4,46.1,53.9,19:51,17:22,49
Jakub Jerabek,jerabja01,2019,27,STL,D,1,6,10,5,8,50,60,40,7:52,7:25,50
Ryan Johansen,johanry01,2019,26,NSH,C,80,1401,1150,1051,926,99.8,64.5,35.5,19:33,15:05,60.4
Marcus Johansson,johanma03,2019,28,TOT,C/W,58,747,775,569,591,97,48.6,51.4,15:55,13:10,61.5
Adam Johnson,johnsad01,2019,24,PIT,C,6,29,31,22,24,111.7,66.7,33.3,5:18,5:18,60
Erik Johnson,johnser01,2019,30,COL,D,80,1382,1485,1010,1096,100.5,52.4,47.6,21:49,18:20,50.9
Jack Johnson,johnsja02,2019,32,PIT,D,82,1251,1478,923,1100,100.4,50,50,19:17,16:34,40.6
Luke Johnson,johnslu01,2019,24,CHI,C,15,136,143,93,105,90.3,55.2,44.8,10:49,9:09,70.4
Tyler Johnson,johnsty01,2019,28,TBL,C,80,1137,1105,875,850,101.9,53.7,46.3,15:57,13:53,60.8
Andreas Johnsson,johnsan01,2019,24,TOR,LW,73,994,845,727,651,102.8,51.1,48.9,13:40,12:02,60.5
Ross Johnston,johnsro02,2019,24,NYI,LW,17,124,126,90,95,104.5,44.8,55.2,7:55,7:53,70.6
Henri Jokiharju,jokihhe01,2019,19,CHI,D,38,700,590,514,461,97.7,60.7,39.3,18:58,17:09,44.9
Caleb Jones,jonesca01,2019,21,EDM,D,17,264,282,179,216,95.8,47.6,52.4,19:48,17:59,47.7
Max Jones,jonesma03,2019,20,ANA,LW,30,318,331,241,250,100.9,54.1,45.9,13:10,11:47,52.3
Seth Jones,jonesse01,2019,24,CBJ,D,75,1556,1445,1204,1087,99,52.8,47.2,25:49:00,21:12,48.8
Mathieu Joseph,josepma01,2019,21,TBL,RW,70,676,639,497,501,101.2,48.8,51.2,11:22,10:29,58.6
Roman Josi,josiro01,2019,28,NSH,D,82,1690,1573,1267,1183,100.6,50.7,49.3,25:10:00,19:35,55.8
Tyson Jost,jostty01,2019,20,COL,C,70,695,745,510,534,100.3,53.5,46.5,13:00,10:54,57.6
Noah Juulsen,juulsno01,2019,21,MTL,D,21,312,332,211,238,103.6,50,50,17:07,14:57,44.7
Nazem Kadri,kadrina01,2019,28,TOR,C,73,1141,973,830,781,100.2,52.9,47.1,16:11,13:32,50.3
Dominik Kahun,kahundo01,2019,23,CHI,C,82,1059,1064,798,818,101.4,53.1,46.9,14:09,13:01,63.1
Vladislav Kamenev,kamenvl01,2019,22,COL,LW,23,118,153,86,117,98.5,53.8,46.2,9:02,7:23,52.4
David Kampf,kampfda01,2019,24,CHI,C,63,644,680,471,510,99.2,36.4,63.6,13:55,11:57,58.1
Steven Kampfer,kampfst01,2019,30,BOS,D,35,444,384,348,285,95.7,58.4,41.6,14:38,13:05,46
Evander Kane,kaneev01,2019,27,SJS,LW,75,1241,998,920,742,96.9,55.9,44.1,18:25,15:26,60.1
Patrick Kane,kanepa01,2019,30,CHI,RW,81,1533,1540,1113,1188,102,63.9,36.1,22:29,18:43,58.7
Kasperi Kapanen,kapanka01,2019,22,TOR,RW,78,1256,1115,924,874,101.8,55.1,44.9,16:37,14:09,53.5
Erik Karlsson,karlser01,2019,28,SJS,D,53,1227,843,906,632,98.4,59.9,40.1,24:29:00,19:21,44.8
Melker Karlsson,karlsme01,2019,28,SJS,C,79,704,640,510,441,98.7,50.4,49.6,11:29,9:57,61.7
William Karlsson,karlswi01,2019,26,VEG,C,82,1306,1110,970,800,97.9,51.7,48.3,18:51,14:47,53.3
Ondrej Kase,kaseon01,2019,23,ANA,RW,30,439,336,332,260,98.3,55.7,44.3,15:39,13:26,57.6
Zack Kassian,kassiza01,2019,28,EDM,RW,79,949,1013,705,782,99.5,48.5,51.5,14:48,13:28,65.3
Brady Keeper,keepebr01,2019,22,FLA,D,1,14,10,10,7,112.5,75,25,12:40,12:40,25
Duncan Keith,keithdu01,2019,35,CHI,D,82,1579,1581,1171,1224,101.2,58,42,23:01,19:36,50
Clayton Keller,kellecl01,2019,20,ARI,C,82,1152,1171,835,884,97.8,66.8,33.2,18:14,14:30,57.1
Adrian Kempe,kempead01,2019,22,LAK,LW,81,942,882,696,647,98.3,53,47,14:29,12:28,54.9
Mario Kempe,kempema01,2019,30,ARI,C,52,474,530,353,362,101.3,46.3,53.7,11:11,10:21,53.8
Michal Kempny,kempnmi01,2019,28,WSH,D,71,1304,1269,975,956,103.4,51.8,48.2,19:11,17:31,47.8
Alexander Kerfoot,kerfoal01,2019,24,COL,C,78,978,914,714,663,98.1,55.7,44.3,14:53,12:42,59.5
Ryan Kesler,keslery01,2019,34,ANA,C,60,672,846,513,642,97.9,37.7,62.3,16:30,12:30,57.7
Phil Kessel,kesseph01,2019,31,PIT,RW,82,1148,1261,872,950,99.8,65.6,34.4,17:59,14:38,58.1
Jujhar Khaira,khairju01,2019,24,EDM,LW,60,525,598,373,445,97.6,45.5,54.5,12:34,11:01,60.4
Alex Killorn,killoal01,2019,29,TBL,C/LW,82,970,819,704,619,102.9,46.1,53.9,14:52,11:34,53.3
Bogdan Kiselevich,kiselbo01,2019,28,FLA,D,32,421,393,308,291,98.3,56.4,43.6,14:51,14:01,33.3
Oscar Klefbom,klefbos01,2019,25,EDM,D,61,1127,1117,862,832,98.2,48.9,51.1,23:59,19:31,50.5
John Klingberg,klingjo01,2019,26,DAL,D,64,1382,1260,991,939,100.5,56.4,43.6,24:32:00,20:38,44.3
Justin Kloos,kloosju01,2019,25,ANA,C,1,6,2,4,1,,66.7,33.3,7:04,7:04,66.7
Corban Knight,knighco01,2019,28,PHI,C,23,146,225,108,157,96,36.7,63.3,9:39,8:38,62.5
Slater Koekkoek,koekksl01,2019,24,TOT,D,31,439,442,326,322,101.8,52.4,47.6,15:50,14:28,52.2
Mikko Koivu,koivumi01,2019,35,MIN,C,48,673,624,488,449,98.2,48.4,51.6,18:18,14:12,57.8
Leo Komarov,komarle01,2019,32,NYI,C,82,800,1015,588,723,104.9,43,57,13:53,12:04,54.6
Travis Konecny,konectr01,2019,21,PHI,C,82,1132,1119,841,838,100.5,50.6,49.4,15:15,13:31,61.5
Anze Kopitar,kopitan01,2019,31,LAK,C,81,1283,1423,960,1081,99.1,41.4,58.6,22:18,17:19,52.3
Kalle Kossila,kossika01,2019,25,ANA,LW,8,50,55,35,41,97.2,78.1,21.9,10:18,8:20,64.7
Jesperi Kotkaniemi,kotkaje01,2019,18,MTL,C,79,1047,790,752,576,99.1,61.9,38.1,13:44,11:48,51.3
Ilya Kovalchuk,kovalil01,2019,35,LAK,LW,64,733,844,542,650,97.4,54.3,45.7,16:14,13:17,56
Chris Kreider,kreidch01,2019,27,NYR,C,79,1106,1103,847,815,100.6,51.3,48.7,17:24,14:44,62.2
David Krejci,krejcda01,2019,32,BOS,C,81,1268,985,972,766,100.6,63.4,36.6,17:41,15:15,57.7
Niklas Kronwall,kronwni01,2019,38,DET,D,79,1196,1259,911,967,99.6,53.2,46.8,19:57,17:14,57.3
Torey Krug,krugto01,2019,27,BOS,D,64,1166,958,883,731,100.6,66.6,33.4,21:17,17:22,47.5
Marcus Kruger,krugema01,2019,28,CHI,C,74,520,573,392,402,98.9,26.2,73.8,10:25,8:36,75.5
Nikita Kucherov,kucheni01,2019,25,TBL,RW,82,1436,1295,1101,989,102.7,57.3,42.7,19:58,16:13,50.2
Ryan Kuffner,kuffnry01,2019,22,DET,LW,10,67,111,49,90,95.7,48.9,51.1,10:56,10:02,47.1
Karson Kuhlman,kuhlmka01,2019,23,BOS,C,11,118,93,92,76,105.2,53.3,46.7,12:09,11:24,48.4
Tom Kuhnhackl,kuhnhto01,2019,27,NYI,RW,36,355,440,237,294,101.1,51.3,48.7,12:41,11:32,52.6
Dean Kukan,kukande01,2019,25,CBJ,D,25,298,262,233,197,102.7,54.4,45.6,13:28,13:25,44.4
Brett Kulak,kulakbr01,2019,25,MTL,D,57,1119,868,817,631,99.5,55,45,17:51,17:21,50.2
Dmitry Kulikov,kulikdm01,2019,28,WPG,D,57,733,851,554,651,101.9,51.9,48.1,15:41,14:37,41.7
Luke Kunin,kuninlu01,2019,21,MIN,C,49,618,673,476,492,98.2,47.7,52.3,15:53,13:00,53.7
Chris Kunitz,kunitch01,2019,39,CHI,LW,56,433,417,311,313,97.1,43.2,56.8,9:04,8:48,50.6
Janne Kuokkanen,kuokkja01,2019,20,CAR,C/LW,7,47,66,35,49,94.9,54.3,45.7,10:55,8:34,50
Sean Kuraly,kuralse01,2019,26,BOS,C,71,783,802,613,589,100.9,32.8,67.2,13:46,12:24,64.1
Evgeny Kuznetsov,kuzneev01,2019,26,WSH,C,76,1102,1178,849,912,102.6,59.5,40.5,18:47,14:54,57.6
Oliver Kylington,kylinol01,2019,21,CGY,D,38,422,446,301,326,101.7,58.1,41.9,12:25,12:22,35.6
Jordan Kyrou,kyroujo01,2019,20,STL,C,16,113,163,90,129,100.8,54.5,45.5,9:40,9:22,66.7
Joel L'Esperance,lespejo01,2019,23,DAL,RW,18,187,197,126,135,96.3,52,48,12:15,10:58,53.3
Kevin Labanc,labanke01,2019,23,SJS,RW,82,1036,820,724,636,99.5,58.5,41.5,14:01,11:39,51.4
Andrew Ladd,laddan01,2019,33,NYI,LW,26,278,332,194,244,103.2,43.9,56.1,13:51,12:51,61.8
Paul Ladue,laduepa01,2019,26,LAK,D,33,407,398,300,300,99.9,51.2,48.8,13:13,13:03,44
Patrik Laine,lainepa01,2019,20,WPG,RW,82,1014,1182,767,900,98.9,60,40,17:14,13:43,52.1
Maxime Lajoie,lajoima01,2019,21,OTT,D,56,705,981,522,733,97.6,46.7,53.3,18:54,15:25,47.9
Juho Lammikko,lammiju01,2019,23,FLA,RW,40,314,353,235,248,95.6,44.9,55.1,10:56,9:07,52.7
Gabriel Landeskog,landega01,2019,26,COL,LW,73,1298,1174,959,872,101.5,62.9,37.1,21:09,16:42,66.9
Nick Lappin,lappini01,2019,26,NJD,RW,11,93,140,68,113,93.7,51.4,48.6,13:41,12:25,47.8
Dylan Larkin,larkidy01,2019,22,DET,C,76,1488,1246,1132,959,98.3,52.2,47.8,21:49,18:05,58.1
Adam Larsson,larssad01,2019,26,EDM,D,82,1451,1492,1082,1130,96.7,46.2,53.8,21:37,19:32,48
Jacob Larsson,larssja01,2019,21,ANA,D,49,710,779,538,593,99.8,47.1,52.9,17:07,15:49,45.2
Johan Larsson,larssjo02,2019,26,BUF,LW/C,73,752,767,562,589,98.4,15.6,84.4,14:18,11:53,49.4
Brian Lashoff,lashobr01,2019,28,DET,D,4,41,67,31,55,99,57.9,42.1,13:40,12:25,100
Scott Laughton,laughsc01,2019,24,PHI,C,82,853,1084,646,780,99.4,36.3,63.7,14:51,12:19,61.9
Jeremy Lauzon,lauzoje01,2019,21,BOS,D,16,188,189,148,137,98.5,50.8,49.2,15:32,13:22,37.9
Curtis Lazar,lazarcu01,2019,23,CGY,C/RW,1,5,4,4,3,0,80,20,4:48,4:48,
Nick Leddy,leddyni01,2019,27,NYI,D,82,1247,1569,934,1180,102.1,44.6,55.4,21:33,18:18,44.8
Anders Lee,leean01,2019,28,NYI,C,82,1113,1148,824,862,103.5,50.5,49.5,17:05,14:09,61.4
Artturi Lehkonen,lehkoar01,2019,23,MTL,LW,82,1115,971,814,722,101,54.9,45.1,15:33,12:44,60.5
Jori Lehtera,lehtejo01,2019,31,PHI,C,27,158,185,117,131,94.7,35.3,64.7,9:07,7:23,73.9
Brendan Leipsic,leipsbr01,2019,24,TOT,LW,62,620,728,467,548,98.1,55.6,44.4,13:47,11:53,58.2
Josh Leivo,leivojo01,2019,25,TOT,LW,76,906,790,663,608,101.2,55.9,44.1,14:02,11:41,54.7
Brendan Lemieux,lemiebr01,2019,22,TOT,LW,63,480,585,369,433,103.9,55.1,44.9,9:03,8:42,62
Kris Letang,letankr01,2019,31,PIT,D,65,1468,1277,1119,963,100.9,51.1,48.9,25:58:00,20:23,54.4
Mark Letestu,letesma01,2019,33,CBJ,C,2,11,21,8,14,90.9,30,70,9:20,0.375,50
Vinni Lettieri,lettivi01,2019,23,NYR,C,27,224,286,175,218,96.7,51,49,10:09,9:25,57.1
Tyler Lewington,lewinty01,2019,24,WSH,D,2,26,22,17,12,123.1,69.2,30.8,13:48,13:15,75
Trevor Lewis,lewistr01,2019,32,LAK,C,44,528,498,404,372,95.8,47.2,52.8,14:01,12:29,64.9
Oscar Lindberg,lindbos02,2019,27,TOT,C,55,623,563,467,421,100.9,48.4,51.6,12:28,11:50,57.6
Oskar Lindblom,lindbos01,2019,22,PHI,LW,81,954,917,702,645,98.1,45.5,54.5,13:44,11:45,64
Esa Lindell,lindees01,2019,24,DAL,D,82,1386,1695,994,1238,103,41,59,24:20:00,19:52,51.4
Ryan Lindgren,lindgry01,2019,20,NYR,D,5,49,69,38,51,83.4,67.4,32.6,14:35,13:52,88.9
Anton Lindholm,lindhan01,2019,24,COL,D,2,16,14,14,11,85.7,0,100,7:11,6:34,0
Elias Lindholm,lindhel01,2019,24,CGY,C,81,1222,987,903,764,102.1,56.2,43.8,20:02,14:33,58.4
Hampus Lindholm,lindhha01,2019,25,ANA,D,76,1424,1476,1066,1099,99.4,41.1,58.9,23:59,19:40,46.5
Par Lindholm,lindhpa01,2019,27,TOT,C,65,540,612,392,468,103.9,29.4,70.6,11:21,9:38,46.8
Bryan Little,littlbr01,2019,31,WPG,RW,82,1014,1117,772,857,99.2,54.7,45.3,15:50,13:16,64
Blake Lizotte,lizotbl01,2019,21,LAK,C,1,16,9,12,7,80,40,60,11:12,11:12,50
Ryan Lomberg,lombery01,2019,24,CGY,LW,4,9,24,8,14,100,41.7,58.3,6:59,6:33,33.3
Ben Lovejoy,lovejbe01,2019,34,TOT,D,71,857,972,659,722,99.5,40.1,59.9,17:06,13:32,51.9
Adam Lowry,lowryad01,2019,25,WPG,LW,78,908,898,662,649,100.5,41.7,58.3,14:38,12:17,59
Milan Lucic,lucicmi01,2019,30,EDM,LW,79,864,830,608,618,98.5,45.5,54.5,13:14,11:53,43.5
Matt Luff,luffma01,2019,21,LAK,RW,33,289,366,212,264,102.2,57.1,42.9,11:07,10:30,52.3
Isac Lundestrom,lundeis01,2019,19,ANA,C,15,133,191,96,149,101.5,50.5,49.5,13:02,11:51,72.2
Ilya Lyubushkin,lyubuil01,2019,24,ARI,D,41,489,559,364,398,97.5,51.4,48.6,13:44,13:21,42.2
Olli Maatta,maattol01,2019,24,PIT,D,60,822,948,638,685,102.1,42.9,57.1,18:35,15:31,44
Kurtis MacDermid,macdeku01,2019,24,LAK,D,11,82,76,60,59,96.7,61.1,38.9,9:21,8:53,29.4
Andrew MacDonald,macdoan01,2019,32,PHI,D,47,606,664,418,469,99.3,43.9,56.1,16:24,14:25,39.8
Jacob MacDonald,macdoja02,2019,25,FLA,D,2,27,21,25,15,106.7,64.3,35.7,12:03,11:23,25
Mackenzie MacEachern,maceama01,2019,24,STL,LW,29,187,193,151,140,99.1,59.5,40.5,8:02,8:01,68.8
Zack MacEwen,macewza01,2019,22,VAN,C,4,20,20,15,17,75.4,31.3,68.8,7:11,6:28,50
Derek MacKenzie,mackede01,2019,37,FLA,C,1,2,3,1,3,100,100,0,2:43,2:43,0
Nathan MacKinnon,mackina01,2019,23,COL,C,82,1581,1392,1180,1059,101.2,62.6,37.4,22:06,17:51,62.7
Saku Maenalanen,maenasa01,2019,24,CAR,RW,34,270,280,198,215,101,57.3,42.7,9:27,9:00,64.3
Josh Mahura,mahurjo01,2019,20,ANA,D,17,200,240,147,189,102.1,66.4,33.6,14:18,13:20,47.6
Denis Malgin,malgide01,2019,22,FLA,C,50,543,520,393,404,97.3,58.4,41.6,12:53,11:50,55.9
Evgeni Malkin,malkiev01,2019,32,PIT,C,68,1035,1023,753,760,98.1,64,36,18:48,15:11,58
Brad Malone,malonbr01,2019,29,EDM,C/LW,16,90,123,67,82,100.5,28.8,71.2,8:57,7:59,68.4
Maxim Mamin,maminma01,2019,24,FLA,C/RW,7,60,37,46,25,90,72.7,27.3,7:21,7:14,57.1
Andrew Mangiapane,mangian01,2019,22,CGY,LW,44,443,369,325,273,103.6,51,49,10:33,10:02,67
Brandon Manning,mannibr01,2019,28,TOT,D,39,429,474,300,371,95.5,43.6,56.4,14:50,12:58,45.2
Josh Manson,mansojo01,2019,27,ANA,D,74,1215,1431,899,1076,99.5,40.6,59.4,22:18,19:01,51.3
Anthony Mantha,manthan01,2019,24,DET,RW,67,1096,898,816,709,97.4,60.3,39.7,17:50,15:28,59.1
Brad Marchand,marchbr03,2019,30,BOS,LW,79,1304,1060,994,800,100.7,61.3,38.7,19:37,14:53,53.6
Jonathan Marchessault,audymjo01,2019,28,VEG,C,82,1365,1164,1017,855,98.7,52.4,47.6,18:09,15:21,57.1
Martin Marincin,marinma01,2019,26,TOR,D,24,350,306,246,242,97.6,55.2,44.8,15:12,13:44,43
Patrick Marleau,marlepa01,2019,39,TOR,C,82,1264,1249,933,985,100.2,54.2,45.8,16:21,14:27,62.2
Mitch Marner,marnemi01,2019,21,TOR,RW,82,1476,1379,1064,1071,103.2,52.5,47.5,19:49,15:48,52.1
Cooper Marody,marodco01,2019,22,EDM,C,6,42,40,36,24,100,67.9,32.1,6:55,6:49,46.2
Pat Maroon,maroopa01,2019,30,STL,LW,74,817,754,608,558,98.3,55.6,44.4,14:10,12:11,58.1
Danick Martel,marteda01,2019,24,TBL,LW,9,70,84,54,61,108.3,38.5,61.5,10:11,10:01,61.5
Matt Martin,martima02,2019,29,NYI,LW,67,572,684,435,478,102.5,34.6,65.4,11:26,11:08,57.4
Alec Martinez,martial01,2019,31,LAK,D,60,1062,1141,772,841,100.7,46.5,53.5,21:22,18:01,45.9
Jordan Martinook,martijo01,2019,26,CAR,LW,82,1145,934,881,683,97.7,49.3,50.7,14:29,12:46,53.9
Andreas Martinsen,martian01,2019,28,CHI,LW,24,154,188,113,136,95.8,32.5,67.5,7:56,7:41,61.8
Mike Matheson,mathemi01,2019,24,FLA,D,75,1266,1414,978,1067,97.3,46.2,53.8,22:19,19:07,54.9
Auston Matthews,matthau01,2019,21,TOR,C,68,1273,1124,949,868,98.9,58.4,41.6,18:33,15:58,56.2
Scott Mayfield,mayfisc01,2019,26,NYI,D,79,1135,1166,821,815,102.4,49.6,50.4,18:44,16:21,38
Charlie McAvoy,mcavoch01,2019,21,BOS,D,54,1053,892,806,640,100.7,53,47,22:10,19:18,50.6
Jake McCabe,mccabja01,2019,25,BUF,D,59,870,929,678,713,99.4,43,57,18:57,16:44,46.7
Jared McCann,mccanja01,2019,22,TOT,C,78,911,952,680,705,99.6,47.5,52.5,14:32,12:31,62.5
Max McCormick,mccorma01,2019,26,OTT,LW,14,84,123,64,90,92.3,52.7,47.3,7:30,7:12,48
Ian McCoshen,mccosia01,2019,23,FLA,D,19,187,223,141,165,99.1,54.9,45.1,13:19,12:19,45.5
Connor McDavid,mcdavco01,2019,22,EDM,C,78,1466,1436,1110,1109,100.7,57.2,42.8,22:50,18:47,56.6
Ryan McDonagh,mcdonry01,2019,29,TBL,D,82,1406,1435,1089,1089,103.9,46.2,53.8,22:05,18:18,52.7
Brock McGinn,mcginbr01,2019,24,CAR,LW,82,947,910,703,677,101.4,50.5,49.5,14:19,11:50,48.8
Jamie McGinn,mcginja01,2019,30,FLA,LW,19,164,178,121,130,96.2,56,44,10:41,9:38,54.8
Dylan McIlrath,mcilrdy01,2019,26,DET,D,7,76,90,55,71,105.5,45,55,15:11,13:19,46.2
Greg McKegg,mckeggr01,2019,26,CAR,C,41,409,403,290,308,99.8,51.9,48.1,10:40,10:31,54
Cody McLeod,mcleoco01,2019,34,TOT,LW,38,182,273,137,212,93.5,46.4,53.6,6:29,6:29,62.9
Michael McLeod,mcleomi01,2019,20,NJD,C,21,175,238,134,192,95.2,50.4,49.6,12:12,11:48,60
Brayden McNabb,mcnabbr01,2019,28,VEG,D,81,1357,1250,1016,914,100.1,46.7,53.3,19:29,16:33,45.7
Adam McQuaid,mcquaad01,2019,32,TOT,D,50,528,691,399,509,102.1,42.5,57.5,15:47,14:02,38.4
Wade Megan,meganwa01,2019,28,DET,C,11,80,87,60,66,92,50.9,49.1,7:53,7:42,72.7
Jaycob Megna,megnaja02,2019,26,ANA,D,28,300,332,226,248,100.4,50.6,49.4,14:32,12:31,47.7
Timo Meier,meierti01,2019,22,SJS,RW,78,1281,1006,940,762,100.7,51.4,48.6,16:58,14:33,56.3
Dakota Mermis,mermida01,2019,25,ARI,D,1,7,5,5,4,120,33.3,66.7,11:20,11:20,
Jonathon Merrill,merrijo01,2019,26,VEG,D,57,1042,722,764,529,99.5,65.2,34.8,17:53,16:23,45.3
Victor Mete,metevi01,2019,20,MTL,D,71,1243,1177,919,871,102.1,48.6,51.4,17:46,16:34,39.6
Marc Methot,methoma01,2019,33,DAL,D,9,101,144,69,106,97.8,42.7,57.3,16:56,15:18,50
Jacob Middleton,middlja01,2019,23,SJS,D,3,32,23,25,17,86.9,52.4,47.6,9:56,9:32,0
Sonny Milano,milanso01,2019,22,CBJ,LW,8,62,40,46,31,95.8,60,40,8:19,8:07,62.5
Colin Miller,milleco02,2019,26,VEG,D,65,1174,890,842,662,97.7,61,39,19:39,16:41,42.3
J.T. Miller,millejt01,2019,25,TBL,C,75,916,788,700,587,100.5,48.6,51.4,14:40,12:05,56.3
Kevan Miller,milleke03,2019,31,BOS,D,39,577,590,438,417,101.5,46,54,17:45,15:55,39.5
Casey Mittelstadt,mitteca01,2019,20,BUF,C,77,816,854,620,678,97.1,72.5,27.5,13:27,11:41,60.2
Sean Monahan,monahse01,2019,24,CGY,C,78,1295,1107,957,857,100.3,58.1,41.9,19:03,15:43,58.9
Brandon Montour,montobr01,2019,24,TOT,D,82,1496,1514,1126,1145,98.4,49.4,50.6,22:27,18:58,50
John Moore,moorejo01,2019,28,BOS,D,61,930,942,719,716,99.4,51.6,48.4,18:46,16:12,52.4
Trevor Moore,mooretr01,2019,23,TOR,LW,25,202,203,151,158,101.2,37.7,62.3,9:06,8:49,54.2
Samuel Morin,morinsa01,2019,23,PHI,D,5,50,56,37,41,88.1,31.6,68.4,12:22,11:27,55.6
Josh Morrissey,morrijo04,2019,23,WPG,D,59,1053,1048,795,757,101.4,53,47,22:24,17:51,50.5
Joseph Morrow,morrojo02,2019,26,WPG,D,41,517,631,378,475,102.4,55.3,44.7,13:58,13:43,33.6
Tyler Motte,mottety01,2019,23,VAN,C,74,650,851,491,640,98.3,33.2,66.8,12:46,10:58,58.8
Mirco Mueller,muellmi01,2019,23,NJD,D,53,740,806,576,619,98.5,39.4,60.6,18:03,15:59,41.5
Connor Murphy,murphco02,2019,25,CHI,D,52,801,862,596,653,102.8,38.8,61.2,19:30,17:22,54.2
Ryan Murphy,murphry01,2019,25,TOT,D,3,22,38,16,30,111.1,52.6,47.4,11:10,10:12,20
Ryan Murray,murrary01,2019,25,CBJ,D,56,963,960,752,711,102.3,46.2,53.8,21:26,18:18,50.4
Jake Muzzin,muzzija01,2019,29,TOT,D,80,1583,1468,1152,1080,102.3,45.1,54.9,21:20,18:15,43.8
Philippe Myers,myersph01,2019,22,PHI,D,21,279,290,196,232,97.1,55.4,44.6,15:22,14:23,37.3
Tyler Myers,myersty01,2019,28,WPG,D,80,1308,1374,970,1052,101.4,56.7,43.3,20:22,17:04,51.8
Vladislav Namestnikov,namesvl01,2019,26,NYR,C,78,833,936,609,688,98.6,41.7,58.3,15:48,12:45,57.8
Riley Nash,nashri02,2019,29,CBJ,C,78,660,688,527,504,97.3,29.9,70.1,10:50,10:28,64.2
James Neal,nealja01,2019,31,CGY,LW,63,767,735,553,563,100,53.5,46.5,14:57,12:43,60
Martin Necas,necasma01,2019,20,CAR,C,7,48,45,38,35,100.3,76.9,23.1,10:01,8:02,60
Brock Nelson,nelsobr01,2019,27,NYI,C,82,1057,1185,772,877,104.3,45.4,54.6,17:58,14:44,61.6
Casey Nelson,nelsoca01,2019,26,BUF,D,38,481,439,374,340,99.8,52.3,47.7,15:25,14:15,44.6
Patrik Nemeth,nemetpa01,2019,26,COL,D,74,875,973,645,698,100.9,31.5,68.5,16:29,13:13,50.9
Valeri Nichushkin,nichuva01,2019,23,DAL,RW,57,569,594,413,419,98,46.1,53.9,11:55,11:17,59.6
Nino Niederreiter,niedeni01,2019,26,TOT,RW,82,1260,997,950,735,97.2,58,42,16:14,13:55,56.6
Frans Nielsen,nielsfr01,2019,34,DET,C,72,765,922,570,707,100.8,49.5,50.5,16:40,13:05,64.9
Matthew Nieto,nietoma01,2019,26,COL,LW,64,710,679,526,485,98.7,42.4,57.6,13:46,11:02,60.9
Boo Nieves,nievecr01,2019,25,NYR,C,43,282,416,215,313,100.6,42.4,57.6,9:39,9:04,64.2
Sami Niku,nikusa01,2019,22,WPG,D,30,330,419,247,321,102.2,56.8,43.2,13:55,13:49,41.3
Jacob Nilsson,nilssja01,2019,25,CHI,C,2,7,12,3,9,60,66.7,33.3,7:52,6:52,0
Matt Niskanen,niskama01,2019,32,WSH,D,80,1311,1477,970,1113,100.9,42.6,57.4,21:56,18:35,55.9
Stefan Noesen,noesest01,2019,25,NJD,RW,41,400,479,316,366,93.3,42.3,57.7,12:44,11:47,62.7
Nelson Nogier,nogiene01,2019,22,WPG,D,1,8,13,5,10,100,42.9,57.1,10:06,10:06,50
Jordan Nolan,nolanjo01,2019,29,STL,C,14,114,98,85,69,103.2,17.8,82.2,7:56,7:44,60.7
Joakim Nordstrom,nordsjo02,2019,26,BOS,C,70,720,730,547,534,100.2,47.1,52.9,13:29,11:44,63.6
Tomas Nosek,nosekto01,2019,26,VEG,C,68,733,590,506,434,95.2,53,47,12:28,10:19,61.4
Ryan Nugent-Hopkins,nugenry01,2019,25,EDM,C,82,1058,1248,784,926,99.6,46.4,53.6,20:06,15:10,58.3
Darnell Nurse,nurseda01,2019,23,EDM,D,82,1412,1602,1026,1188,100.6,46.7,53.3,23:49,20:03,49.7
Markus Nutivaara,nutivma01,2019,24,CBJ,D,80,1181,1244,927,936,100.2,49.2,50.8,17:41,17:21,55.3
Alexander Nylander,nylanal01,2019,20,BUF,LW,12,144,112,112,94,95.6,69.1,30.9,12:10,11:11,53.3
William Nylander,nylanwi01,2019,22,TOR,C,54,923,703,676,541,98.6,58.5,41.5,15:31,13:38,52.8
Gustav Nyquist,nyquigu01,2019,29,TOT,RW,81,1285,1106,966,882,100.1,54.1,45.9,17:31,15:21,58.3
Logan O'Connor,oconnlo01,2019,22,COL,RW,5,29,26,22,17,84.6,36.4,63.6,6:49,6:18,25
Danny O'Regan,oregada01,2019,25,BUF,C,1,9,9,8,5,100,100,0,11:56,11:03,50
Ryan O'Reilly,oreilry01,2019,27,STL,C,82,1330,1153,1006,848,101.7,49.8,50.2,20:45,15:50,63.6
Jordan Oesterle,oestejo01,2019,26,ARI,D,71,1046,1195,772,851,100,52.9,47.1,18:54,16:03,35.8
Kyle Okposo,okposky01,2019,30,BUF,RW,78,795,852,605,658,99,48.6,51.4,13:47,11:53,63.4
Jamie Oleksiak,oleksja01,2019,26,TOT,D,57,747,776,568,564,101.9,39.9,60.1,14:44,14:13,47.4
Victor Olofsson,olofsvi01,2019,23,BUF,RW,6,109,73,89,58,98.8,59.4,40.6,18:01,16:06,53.8
Dmitry Orlov,orlovdm01,2019,27,WSH,D,82,1464,1565,1094,1164,101.2,48.2,51.8,21:38,19:27,43.5
Brooks Orpik,orpikbr01,2019,38,WSH,D,53,604,687,459,513,102.5,43.2,56.8,15:40,13:02,43
T.J. Oshie,oshietj01,2019,32,WSH,C/RW,69,1006,980,764,740,100.8,54.8,45.2,18:37,14:40,54.8
Xavier Ouellet,ouellxa01,2019,25,MTL,D,19,314,270,221,190,97.1,61.4,38.6,17:01,15:36,46.4
Alex Ovechkin,ovechal01,2019,33,WSH,LW,81,1331,1379,1006,1053,102.1,56.9,43.1,20:55,16:30,53.8
Igor Ozhiganov,ozhigig01,2019,26,TOR,D,53,769,653,538,508,100.2,51,49,14:01,13:49,32.8
Magnus Paajarvi,paajama01,2019,27,OTT,LW,80,739,1002,561,725,98.6,38.3,61.7,13:28,11:25,67.2
Max Pacioretty,pacioma01,2019,30,VEG,LW,66,1013,879,749,657,96.9,55.2,44.8,17:00,14:08,57
Jean-Gabriel Pageau,pageaje01,2019,26,OTT,C,39,538,618,409,434,96.8,39.7,60.3,17:51,14:57,64.3
Ondrej Palat,palaton01,2019,27,TBL,LW,64,816,781,608,592,101.2,59.2,40.8,14:53,12:45,54.3
Kyle Palmieri,palmiky01,2019,27,NJD,RW,74,970,1040,753,776,100.1,51.4,48.6,18:08,14:20,58.5
Artemi Panarin,panarar01,2019,27,CBJ,LW,79,1438,1187,1116,921,100.1,77.2,22.8,19:52,17:01,53.2
Richard Panik,panikri01,2019,27,ARI,RW,75,1023,990,739,728,99.1,49.8,50.2,16:37,13:23,55.4
Cedric Paquette,paquece01,2019,25,TBL,C,80,644,765,497,561,101.8,38.1,61.9,12:00,9:58,61.3
Colton Parayko,parayco01,2019,25,STL,D,80,1445,1445,1075,1045,102.4,46.4,53.6,22:47,20:00,50
Zach Parise,parisza01,2019,34,MIN,LW,74,1089,1028,838,736,97.9,55.5,44.5,18:40,14:29,66.4
David Pastrnak,pastrda01,2019,22,BOS,RW,66,1086,868,828,645,100.7,64.5,35.5,18:45,15:20,54.5
Greg Pateryn,patergr01,2019,28,MIN,D,80,1095,1144,829,811,97.7,39,61,17:07,15:10,48.8
Nolan Patrick,patrino01,2019,20,PHI,C,72,862,979,625,720,101.4,47.3,52.7,15:05,13:17,56.7
Nick Paul,paulni01,2019,23,OTT,LW,20,173,158,130,120,88.8,62.4,37.6,8:28,8:27,66.7
Joe Pavelski,paveljo01,2019,34,SJS,C,75,1261,1044,930,777,98.2,53.3,46.7,19:03,15:15,63.3
Tanner Pearson,pearsta01,2019,26,TOT,LW,80,928,1008,680,751,98.3,46.9,53.1,14:03,12:29,59.3
Matthew Peca,pecama01,2019,25,MTL,C,39,302,372,208,276,93.9,51.5,48.5,10:31,9:14,56.5
Adam Pelech,pelecad01,2019,24,NYI,D,78,1160,1225,841,863,103.4,45.1,54.9,18:38,16:52,50.5
Anthony Peluso,pelusan01,2019,29,CGY,RW,4,13,14,8,10,85.7,20,80,4:07,4:07,100
Brendan Perlini,perlibr01,2019,22,TOT,LW,68,710,767,514,566,97,56.3,43.7,11:36,10:45,53.7
Mathieu Perreault,perrema01,2019,31,WPG,C,82,886,809,638,594,99.2,52.9,47.1,12:14,10:51,56.2
David Perron,perroda01,2019,30,STL,LW,57,742,715,561,543,101.2,50.7,49.3,17:06,14:38,54.9
Corey Perry,perryco01,2019,33,ANA,RW,31,348,392,266,286,93.6,55.2,44.8,14:49,12:58,56.7
Brett Pesce,pescebr01,2019,24,CAR,D,73,1283,1137,1012,848,103.2,49.8,50.2,20:29,17:51,50.3
Nic Petan,petanni01,2019,23,TOT,C,18,117,101,82,68,87.3,66,34,7:38,7:09,57.7
Alexander Petrovic,petroal01,2019,26,TOT,D,35,510,544,377,404,95.5,51.3,48.7,16:32,15:07,42.3
Jeff Petry,petryje01,2019,31,MTL,D,82,1749,1403,1244,1064,98.1,51.7,48.3,23:06,18:28,42.2
Elias Pettersson,petteel01,2019,20,VAN,C,71,1019,964,745,716,100,70.5,29.5,18:14,14:33,54
Marcus Pettersson,pettema01,2019,22,TOT,D,84,1205,1190,889,889,101.8,49.9,50.1,16:41,14:56,39.4
Dion Phaneuf,phanedi01,2019,33,LAK,D,67,869,901,634,682,96.6,54.8,45.2,0.625,13:28,40.6
Blake Pietila,pietibl01,2019,25,NJD,LW,19,157,255,114,189,96.5,41,59,13:16,11:51,48.9
Alex Pietrangelo,pietral01,2019,29,STL,D,71,1419,1222,1057,911,99,51.5,48.5,24:04:00,19:10,47.1
Lawrence Pilut,pilutla01,2019,23,BUF,D,33,529,464,421,364,96.7,47.2,52.8,17:25,16:32,52.1
Neal Pionk,pionkne01,2019,23,NYR,D,73,1001,1279,772,965,99.3,44.5,55.5,21:10,16:47,53.9
Brandon Pirri,pirribr01,2019,27,VEG,C,31,451,340,334,236,101,62.4,37.6,14:27,12:19,57.3
Rem Pitlick,pitlire01,2019,21,NSH,C,1,6,14,5,10,100,44.4,55.6,9:43,9:39,
Tyler Pitlick,pitlity01,2019,27,DAL,C,47,484,521,353,380,98.9,29.3,70.7,13:23,11:53,60.5
Tomas Plekanec,plekato01,2019,36,MTL,C,3,30,31,20,25,101.4,37.5,62.5,10:53,9:15,57.1
Ryan Poehling,poehlry01,2019,20,MTL,C,1,17,10,14,5,123.1,66.7,33.3,11:22,10:40,60
Brayden Point,pointbr01,2019,22,TBL,C,79,1259,1165,965,892,103.4,53.2,46.8,18:55,15:27,61.5
Roman Polak,polakro01,2019,32,DAL,D,77,1017,1309,772,949,102,31.3,68.7,19:10,16:25,49.7
Jason Pominville,pominja01,2019,36,BUF,RW,73,841,788,650,613,98.7,54.1,45.9,12:28,11:36,67.7
Derrick Pouliot,poulide01,2019,25,VAN,D,62,917,912,688,700,101.2,52.2,47.8,17:10,15:48,38.7
Nate Prosser,prossna01,2019,32,MIN,D,15,117,112,78,75,101,42.1,57.9,10:13,9:34,45.5
Dalton Prout,proutda01,2019,28,CGY,D,20,218,213,166,149,97.9,60.1,39.9,13:07,11:53,33.3
Ivan Provorov,provoiv01,2019,22,PHI,D,82,1540,1702,1165,1255,99.2,43.5,56.5,25:05:00,20:29,49.3
Matt Puempel,puempma01,2019,26,DET,LW,8,56,80,41,54,94.6,47.6,52.4,10:24,9:41,50
Jesse Puljujarvi,puljuje01,2019,20,EDM,RW,46,425,500,314,361,95.9,46.9,53.1,11:57,11:28,47.3
Ryan Pulock,pulocry01,2019,24,NYI,D,82,1297,1472,961,1056,103.7,43.6,56.4,22:21,18:38,48.8
Tom Pyatt,pyattto01,2019,31,OTT,C,37,252,472,182,336,95,37.1,62.9,11:43,9:54,54.7
Mark Pysyk,pysykma01,2019,27,FLA,D,70,980,1101,763,831,100.3,45.5,54.5,18:16,16:27,49.6
John Quenneville,quennjo02,2019,22,NJD,C,19,170,198,132,149,101.1,48.3,51.7,11:19,10:17,40
Alan Quine,quineal01,2019,25,CGY,C,13,91,98,63,71,102.3,43.3,56.7,9:30,9:16,55
Lukas Radil,radillu01,2019,28,SJS,C,36,385,292,277,209,102.6,53.9,46.1,10:41,10:30,55.6
Alexander Radulov,radulal01,2019,32,DAL,RW,70,1242,1159,925,852,102.5,59.6,40.4,19:47,16:32,57.1
Brogan Rafferty,raffebr01,2019,23,VAN,D,2,28,20,20,13,90,53.8,46.2,13:21,13:21,75
Michael Raffl,rafflmi01,2019,30,PHI,LW,67,591,693,433,505,100.3,38.1,61.9,11:25,10:21,52.4
Rickard Rakell,rakelri01,2019,25,ANA,RW,69,1012,1091,748,816,98.6,49.2,50.8,18:27,15:31,56.2
Mikko Rantanen,rantami01,2019,22,COL,RW,74,1357,1161,1005,878,100.6,63.5,36.5,20:51,16:41,56.3
Victor Rask,raskvi01,2019,25,TOT,C,49,494,499,364,380,99.3,59.9,40.1,12:06,10:32,55
Michael Rasmussen,rasmumi01,2019,19,DET,C,62,498,578,379,441,99.2,44.1,55.9,12:05,10:16,56.2
Ty Rattie,rattity01,2019,25,EDM,RW,50,438,493,328,361,100.3,54.6,45.4,11:21,10:28,67.7
Kyle Rau,rauky01,2019,26,MIN,C,6,42,23,33,18,97.2,62.5,37.5,7:01,7:01,60
Matt Read,readma01,2019,32,MIN,RW,12,138,131,97,97,96.3,55.1,44.9,11:45,10:59,59.1
Ryan Reaves,reavery01,2019,32,VEG,RW,80,805,665,590,502,99.1,59,41,10:52,10:05,59.4
Mike Reilly,reillmi01,2019,25,MTL,D,57,1069,890,749,672,99.3,56.5,43.5,18:41,16:45,44.9
Sam Reinhart,reinhsa01,2019,23,BUF,C,82,1328,1235,1058,962,99,62.1,37.9,18:57,15:41,55.7
Sheldon Rempal,rempash01,2019,23,LAK,RW,7,50,58,33,50,100,67.6,32.4,8:44,8:44,50
Anthony Richard,richaan01,2019,22,NSH,C,1,5,8,5,6,80,50,50,7:22,7:22,
Brad Richardson,richabr02,2019,33,ARI,C,66,830,863,594,606,99.4,33.7,66.3,15:58,13:06,59.5
Tobias Rieder,riedeto01,2019,26,EDM,C,67,588,697,427,518,98.2,43.9,56.1,12:39,10:57,57.1
Morgan Rielly,riellmo01,2019,24,TOR,D,82,1844,1720,1378,1346,103.3,55.6,44.4,23:07,19:21,51.1
Juuso Riikola,riikoju01,2019,25,PIT,D,37,505,610,384,449,102,44.2,55.8,16:41,15:18,44.3
Zac Rinaldo,rinalza01,2019,28,NSH,C,23,118,153,90,104,102.3,33.3,66.7,7:07,7:07,45.8
Rasmus Ristolainen,ristora01,2019,24,BUF,D,78,1395,1524,1093,1177,96.5,46.6,53.4,24:38:00,19:29,54.8
Brett Ritchie,ritchbr01,2019,25,DAL,RW,53,383,466,274,346,98.2,40,60,9:36,8:53,53.8
Nick Ritchie,ritchni01,2019,23,ANA,LW,60,696,727,528,553,102.5,55.3,44.7,15:00,12:39,54.2
Eric Robinson,robiner01,2019,23,CBJ,LW,13,117,108,89,86,92.8,41.3,58.7,11:50,11:43,56.3
Jack Rodewald,rodewja01,2019,24,OTT,RW,6,36,53,25,33,100,44.4,55.6,7:04,7:03,40
Evan Rodrigues,rodriev01,2019,25,BUF,C,74,918,872,720,668,97.9,41,59,15:50,12:48,59.6
Kevin Rooney,rooneke01,2019,25,NJD,C,41,308,404,248,298,99.5,37.2,62.8,12:37,10:26,62.9
Calle Rosen,rosenca01,2019,24,TOR,D,4,65,67,52,54,92.3,50,50,16:42,16:12,50
Jack Roslovic,rosloja01,2019,22,WPG,C,77,642,655,479,484,100,59.5,40.5,9:45,9:07,59.2
Antoine Roussel,roussan01,2019,29,VAN,LW,65,774,790,588,569,100.7,38.5,61.5,13:46,12:47,54.2
Carter Rowney,rowneca01,2019,29,ANA,RW,62,580,604,434,460,100.6,51.1,48.9,12:33,10:35,59.6
Kevin Roy,royke01,2019,25,ANA,C,3,38,23,28,15,88.9,50,50,13:03,12:52,40
Matt Roy,royma04,2019,23,LAK,D,25,353,433,269,326,101.6,42.9,57.1,17:08,15:28,44.7
Nicolas Roy,royni01,2019,21,CAR,C,6,33,30,24,26,100,42.3,57.7,6:57,6:51,33.3
Chad Ruhwedel,ruhwech01,2019,28,PIT,D,18,259,248,194,184,93.1,46.4,53.6,16:17,14:54,47.8
Kris Russell,russekr01,2019,31,EDM,D,72,1072,1302,800,922,101.5,45.2,54.8,20:26,18:15,44.4
Patrick Russell,russepa01,2019,26,EDM,RW,6,57,29,44,20,100,70,30,8:47,8:10,54.5
Bryan Rust,rustbr01,2019,26,PIT,RW,72,990,1008,756,763,101,48.9,51.1,15:54,13:45,60.8
Jan Rutta,ruttaja02,2019,28,TOT,D,37,513,487,364,385,102.1,47.1,52.9,15:36,14:27,51.2
Bobby Ryan,ryanbo01,2019,31,OTT,LW,78,952,1134,710,839,97.3,49.7,50.3,15:41,13:14,53
Derek Ryan,ryande01,2019,32,CGY,C,81,806,661,588,488,103.4,45.8,54.2,13:48,10:12,57.5
Joakim Ryan,ryanjo02,2019,25,SJS,D,44,619,507,444,370,98.2,60.3,39.7,12:46,12:25,43.8
Kerby Rychel,rycheke01,2019,24,CGY,LW,2,11,21,4,15,90,35.7,64.3,9:11,8:56,100
Brandon Saad,saadbr01,2019,26,CHI,LW,80,1241,1097,898,852,98,49.9,50.1,17:41,14:31,61.3
Miikka Salomaki,salommi01,2019,25,NSH,RW,37,332,314,251,223,101.4,36.9,63.1,10:27,10:18,69.9
Zach Sanford,sanfoza01,2019,24,STL,LW,60,620,601,479,438,101.9,47.4,52.6,12:35,11:52,54.6
Travis Sanheim,sanhetr01,2019,22,PHI,D,82,1393,1419,1038,1046,100.3,47.6,52.4,19:33,17:48,50
Steven Santini,santist01,2019,23,NJD,D,39,432,617,335,459,100,39.5,60.5,16:39,15:47,53.9
Ashton Sautner,sautnas01,2019,24,VAN,D,17,203,219,147,161,98.7,38.9,61.1,14:33,14:19,56.8
David Savard,savarda01,2019,28,CBJ,D,82,1309,1329,1026,989,102.2,45,55,19:44,17:57,53
Luca Sbisa,sbisalu01,2019,29,NYI,D,9,113,116,88,89,100.6,62,38,15:28,13:42,29.4
Marco Scandella,scandma01,2019,28,BUF,D,63,831,982,639,774,98.3,47.7,52.3,17:37,15:31,53.2
Colton Sceviour,scevico01,2019,29,FLA,C/RW,59,528,582,399,416,99.4,45.4,54.6,12:18,10:12,67.4
Tim Schaller,schalti01,2019,28,VAN,LW,47,363,425,271,321,100.5,37.6,62.4,10:40,9:13,62
Mark Scheifele,scheima01,2019,25,WPG,C,82,1331,1435,1003,1096,102.1,56.8,43.2,21:52,17:08,59.3
Brayden Schenn,schenbr01,2019,27,STL,C,72,1180,1044,907,763,99.1,53.8,46.2,18:34,15:32,60.5
Luke Schenn,schenlu01,2019,29,TOT,D,26,266,327,180,241,95.5,52.8,47.2,13:54,12:41,46.9
Nikita Scherbak,scherni01,2019,23,LAK,RW,8,91,71,73,53,90.8,57.1,42.9,10:11,10:06,70.6
Cameron Schilling,schilca01,2019,30,WPG,D,4,38,45,27,32,102.6,68,32,12:06,11:27,33.3
David Schlemko,schleda01,2019,31,MTL,D,18,341,262,243,186,97.4,54.3,45.7,19:51,16:16,38.7
Jordan Schmaltz,schmajo01,2019,25,STL,D,20,169,230,131,163,95.4,57.8,42.2,11:29,11:01,57.9
Nick Schmaltz,schmani01,2019,22,TOT,C,40,565,571,389,446,97.9,65.5,34.5,17:50,14:20,50.8
Nate Schmidt,schmina01,2019,27,VEG,D,61,1123,1091,838,800,102.6,46.4,53.6,21:57,18:31,48.3
Jimmy Schuldt,schulja01,2019,23,VEG,D,1,19,18,16,15,95.1,88.9,11.1,21:03,19:12,50
Justin Schultz,schulju01,2019,28,PIT,D,29,476,559,357,429,102.2,56,44,20:30,17:58,47.5
Jaden Schwartz,schwaja01,2019,26,STL,C,69,1085,888,785,662,97.1,57.4,42.6,18:06,15:14,57
Brent Seabrook,seabrbr01,2019,33,CHI,D,78,1141,1286,833,946,99.5,49.8,50.2,19:06,15:20,54.5
Lukas Sedlak,sedlalu01,2019,25,CBJ,C,47,320,311,254,224,96,39.9,60.1,0.375,8:22,61.4
Nick Seeler,seeleni01,2019,25,MIN,D,71,721,789,522,531,98.7,45.2,54.8,12:20,11:27,43.8
Tyler Seguin,seguity01,2019,27,DAL,C,82,1452,1399,1074,1045,101.9,56.2,43.8,20:45,16:48,59.7
Andrej Sekera,sekeran01,2019,32,EDM,D,24,318,316,236,237,99.8,46.9,53.1,16:29,14:38,41.8
Brett Seney,seneybr01,2019,22,NJD,LW,51,383,535,288,405,97.5,45.6,54.4,10:20,10:02,66.2
Zachary Senyshyn,senysza01,2019,21,BOS,RW,2,23,18,19,14,104.2,45,55,11:36,11:15,50
Mikhail Sergachev,sergami01,2019,20,TBL,D,75,1247,1074,924,809,100.7,53.8,46.2,17:55,16:13,47.4
Damon Severson,severda01,2019,24,NJD,D,82,1303,1506,1012,1140,97.6,42.5,57.5,22:03,17:49,55.7
Kevin Shattenkirk,shattke01,2019,30,NYR,D,73,1112,1093,823,802,97.4,56.6,43.4,18:56,16:04,50.9
Andrew Shaw,shawan01,2019,27,MTL,C,63,912,817,678,606,102.6,51.1,48.9,15:55,13:08,60.5
Riley Sheahan,sheahri01,2019,27,TOT,C,82,778,943,599,693,98.7,34.1,65.9,13:28,11:18,67.1
Conor Sheary,shearco01,2019,26,BUF,LW,78,998,960,761,741,97.2,70.4,29.6,14:37,12:53,59.3
Kiefer Sherwood,sherwki01,2019,23,ANA,RW,50,484,577,353,435,102.4,49.7,50.3,11:22,10:58,54.1
Kole Sherwood,sherwko01,2019,22,CBJ,RW,2,11,15,8,11,114.3,66.7,33.3,9:16,8:27,66.7
Devin Shore,shorede01,2019,24,TOT,C,76,790,927,577,674,98.3,45.9,54.1,14:16,11:44,50.6
Jonas Siegenthaler,siegejo01,2019,21,WSH,D,26,298,317,216,217,103.8,45.3,54.7,14:09,13:06,30
Dylan Sikura,sikurdy01,2019,23,CHI,C,33,360,293,258,222,99.6,53.1,46.9,11:17,11:16,59.1
Jakob Silfverberg,silfvja01,2019,28,ANA,LW,73,876,1000,676,752,98.4,42,58,17:06,13:15,56.6
Radim Simek,simekra01,2019,26,SJS,D,41,573,473,408,355,99.9,55.2,44.8,15:13,14:09,51.3
Wayne Simmonds,simmowa01,2019,30,TOT,RW,79,909,973,667,710,98.2,50.1,49.9,15:40,12:50,58.4
Dominik Simon,simondo01,2019,24,PIT,C,71,931,740,680,551,100.6,56,44,13:19,12:23,58.7
Colton Sissons,sissoco01,2019,25,NSH,C,75,879,884,663,626,103.7,31.5,68.5,16:03,12:54,56.3
Jeff Skinner,skinnje01,2019,26,BUF,C,82,1323,1203,1032,940,99.9,67.1,32.9,18:31,15:26,62.2
Brady Skjei,skjeibr01,2019,24,NYR,D,78,1277,1503,979,1124,100.6,45.4,54.6,21:14,18:46,55
Jaccob Slavin,slavija01,2019,24,CAR,D,82,1721,1418,1301,1093,98.3,51,49,23:02,18:50,48
Brendan Smith,smithbr05,2019,29,NYR,D,63,753,819,563,628,98.5,52.9,47.1,15:18,13:39,44.9
C.J. Smith,smithcj01,2019,24,BUF,LW,11,107,99,83,82,100.2,44.1,55.9,10:39,10:20,64.3
Craig Smith,smithcr01,2019,29,NSH,C,76,987,876,735,627,101.2,59.1,40.9,15:08,12:36,60.7
Gemel Smith,smithge02,2019,24,TOT,C,17,85,152,67,122,97.6,29,71,8:22,8:20,87.5
Reilly Smith,smithre01,2019,27,VEG,RW,74,1128,949,836,687,99.9,51.2,48.8,18:16,14:17,59.1
Zack Smith,smithza01,2019,30,OTT,C,70,891,1109,665,814,99.7,41.3,58.7,16:21,14:26,58
Devante Smith-Pelly,smithde06,2019,26,WSH,RW,54,420,516,306,353,98.5,42.6,57.4,10:51,9:08,52.6
Vladimir Sobotka,sobotvl01,2019,31,BUF,C,69,685,868,531,672,97,32.5,67.5,14:11,12:11,55.9
Carl Soderberg,soderca01,2019,33,COL,C,82,1066,1095,765,783,99,39.2,60.8,17:27,13:13,60
Marcus Sorensen,sorenma01,2019,26,SJS,RW,80,923,808,669,611,100.5,56,44,12:58,11:32,58.9
Nikita Soshnikov,soshnni01,2019,25,STL,RW,5,27,42,20,33,97.6,52.4,47.6,7:10,7:08,20
Jason Spezza,spezzja01,2019,35,DAL,C,76,803,782,579,576,97.2,55.5,44.5,13:16,10:58,56.3
Ryan Spooner,spoonry01,2019,27,TOT,C,52,469,547,342,413,97.9,56.6,43.4,11:26,10:18,61.5
Daniel Sprong,spronda01,2019,21,TOT,RW,63,646,698,493,532,96.9,54.4,45.6,11:57,10:38,55.1
Jared Spurgeon,spurgja01,2019,29,MIN,D,82,1583,1493,1191,1097,99.2,53.5,46.5,24:09:00,19:13,50
Eric Staal,staaler01,2019,34,MIN,C,81,1285,1144,976,855,97.5,55.3,44.7,18:08,14:56,61.4
Jordan Staal,staaljo01,2019,30,CAR,C,50,896,602,672,469,98.2,50.5,49.5,18:17,14:39,61.4
Marc Staal,staalma01,2019,32,NYR,D,79,1038,1406,785,1061,100.6,38.6,61.4,19:25,16:29,49.4
Drew Stafford,staffdr01,2019,33,NJD,RW,57,499,624,379,475,99.6,43.1,56.9,12:16,11:12,56.6
Steven Stamkos,stamkst01,2019,28,TBL,C,82,1195,1117,910,860,100.9,54.8,45.2,18:18,14:06,55.1
Paul Stastny,stastpa01,2019,33,VEG,C,50,875,661,658,501,100.5,55.7,44.3,18:06,14:53,64
Troy Stecher,stechtr01,2019,24,VAN,D,78,1312,1286,957,965,101.2,50.7,49.3,19:55,17:31,42
Sam Steel,steelsa01,2019,20,ANA,C,22,232,299,162,236,105.6,50.9,49.1,14:58,12:49,62.7
Alex Steen,steenal01,2019,34,STL,C,65,780,705,571,503,99.1,44.4,55.6,15:50,12:31,61.3
Lee Stempniak,stemple01,2019,35,BOS,RW,2,16,14,8,10,88.9,66.7,33.3,7:49,7:49,0
Kevin Stenlund,stenlke01,2019,22,CBJ,C,4,36,36,28,25,100,50,50,10:58,10:57,33.3
Derek Stepan,stepade01,2019,28,ARI,C,72,1080,1069,814,781,98.5,48,52,19:13,14:31,62.9
Chandler Stephenson,stephch02,2019,24,WSH,C,64,537,656,390,483,96.7,48,52,12:07,10:20,55.4
Riley Stillman,stillri01,2019,20,FLA,D,1,15,5,9,5,81,33.3,66.7,11:22,11:22,50
Mark Stone,stonema01,2019,26,TOT,RW,77,1391,1212,1052,897,101.4,50.7,49.3,19:52,16:13,57.7
Michael Stone,stonemi01,2019,28,CGY,D,14,186,174,134,135,100.9,54.4,45.6,15:56,13:35,24.5
Anton Stralman,stralan01,2019,32,TBL,D,47,753,836,547,647,103.9,46.3,53.7,20:31,17:31,47.1
Ben Street,streebe01,2019,31,ANA,C,21,167,228,110,165,100.2,53.6,46.4,12:04,10:00,41.3
Dylan Strome,stromdy01,2019,21,TOT,C,78,991,1073,727,817,100.7,56.5,43.5,16:09,13:08,61.9
Ryan Strome,stromry01,2019,25,TOT,C,81,942,1072,700,811,100.9,48.9,51.1,15:34,13:07,57.9
Nico Sturm,sturmni01,2019,23,MIN,C,2,26,23,21,18,100,61.5,38.5,12:47,11:57,87.5
P.K. Subban,subbapk01,2019,29,NSH,D,63,1234,1077,945,843,99.4,53.8,46.2,22:40,18:30,55.1
Libor Sulak,sulakli01,2019,24,DET,D,6,85,108,62,79,92.8,36.7,63.3,19:23,17:12,43.8
Oskar Sundqvist,sundqos01,2019,24,STL,C,74,769,765,571,566,100.1,39.4,60.6,13:49,11:45,55.1
Antti Suomela,suomean01,2019,24,SJS,C,27,321,283,252,198,99.2,60.2,39.8,11:19,11:11,57.5
Andrej Sustr,sustran01,2019,28,ANA,D,5,43,61,32,46,101,66.7,33.3,12:02,11:44,66.7
Ryan Suter,suterry01,2019,34,MIN,D,82,1816,1709,1378,1277,98.2,55.5,44.5,26:42:00,21:10,42.8
Brandon Sutter,suttebr03,2019,29,VAN,C/RW,26,277,393,207,283,96.4,31,69,17:28,13:15,58.1
Andrei Svechnikov,svechan01,2019,18,CAR,RW,82,1197,929,929,702,98.4,51.8,48.2,14:39,12:43,61
Brandon Tanev,tanevbr01,2019,27,WPG,LW,80,855,910,632,669,101.1,41.7,58.3,14:07,11:57,58
Chris Tanev,tanevch01,2019,29,VAN,D,55,711,897,537,629,101.7,37.5,62.5,20:10,16:40,52
Eric Tangradi,tangrer01,2019,29,NJD,C,6,56,70,43,56,92.9,35,65,13:47,0.5,66.7
Vladimir Tarasenko,tarasvl01,2019,27,STL,RW,76,1275,1074,939,770,99.4,58.3,41.7,18:23,15:22,56.9
Tomas Tatar,tatarto01,2019,28,MTL,C,80,1445,981,1032,730,100.7,50.3,49.7,16:24,14:05,57.4
John Tavares,tavarjo01,2019,28,TOR,C,82,1585,1386,1139,1086,102.8,51.8,48.2,19:05,16:12,59
Matt Tennyson,tennyma01,2019,28,BUF,D,4,45,40,38,34,84.9,43.3,56.7,10:45,10:39,50
Teuvo Teravainen,teravte01,2019,24,CAR,LW,82,1251,998,955,763,103.4,51.7,48.3,17:55,14:18,52.5
Troy Terry,terrytr01,2019,21,ANA,C/RW,32,327,370,235,269,106.7,58.5,41.5,13:57,12:00,42.4
Josh Teves,tevesjo01,2019,23,VAN,D,1,11,12,10,6,75,55.6,44.4,13:40,13:40,
Alexandre Texier,texieal01,2019,19,CBJ,C,2,18,27,17,24,123.1,25,75,12:46,12:46,75
Shea Theodore,theodsh01,2019,23,VEG,D,79,1572,1181,1136,880,97.5,55.5,44.5,20:06,17:26,50
Robert Thomas,thomaro01,2019,19,STL,C,70,733,695,550,519,99.4,58.8,41.2,13:04,11:36,63.5
Nate Thompson,thompna01,2019,34,TOT,C,78,690,822,500,620,101,35.3,64.7,0.541666667,10:48,64.5
Tage Thompson,thompta01,2019,21,BUF,C,65,632,693,498,552,95.8,48.9,51.1,12:08,11:16,52.7
Chris Thorburn,thorbch01,2019,35,STL,RW,1,0,5,0,4,,100,0,1:52,1:52,
Joe Thornton,thornjo01,2019,39,SJS,C,73,1040,787,760,593,100.2,55.1,44.9,15:33,13:33,60.4
Chris Tierney,tiernch01,2019,24,OTT,C,81,954,1262,711,937,99.5,45.1,54.9,17:02,13:37,61.6
Brady Tkachuk,tkachbr01,2019,19,OTT,LW,71,978,991,724,737,99,48.5,51.5,16:01,13:45,63.9
Matthew Tkachuk,tkachma01,2019,21,CGY,LW,80,1272,960,935,740,100.2,55.7,44.3,17:36,14:23,60.2
Devon Toews,toewsde01,2019,24,NYI,D,48,734,651,537,467,100.7,59.8,40.2,17:54,15:56,51.9
Jonathan Toews,toewsjo01,2019,30,CHI,C,82,1372,1310,1001,1020,100.3,57.1,42.9,21:00,15:59,66.4
Tyler Toffoli,toffoty01,2019,26,LAK,C,82,1157,1040,858,780,97.7,53,47,17:12,13:43,56.2
Eeli Tolvanen,tolvaee01,2019,19,NSH,RW,4,50,31,38,22,109.5,72.4,27.6,13:16,11:49,16.7
Dominic Toninato,tonindo01,2019,24,COL,C,2,11,20,9,14,102.5,50,50,6:42,6:28,100
Vincent Trocheck,trochvi01,2019,25,FLA,C,55,900,821,699,602,97.8,49.8,50.2,19:40,15:35,56.2
Zach Trotman,trotmza01,2019,28,PIT,D,13,165,178,131,129,104,59.6,40.4,15:16,13:25,48.5
Jacob Trouba,troubja01,2019,24,WPG,D,82,1465,1513,1106,1113,101,51.2,48.8,22:53,18:22,44.1
Alex Tuch,tuchal01,2019,22,VEG,RW,74,1140,943,840,701,100.8,56.9,43.1,16:44,14:11,55
Dominic Turgeon,turgedo01,2019,22,DET,C,4,29,40,23,30,86.4,52,48,12:35,10:54,40
Kyle Turris,turriky01,2019,29,NSH,C,55,725,684,567,528,98.6,67.6,32.4,15:42,13:26,53.4
Urho Vaakanainen,vaakaur01,2019,20,BOS,D,2,17,11,12,9,85.7,62.5,37.5,9:06,8:40,50
Juuso Valimaki,valimju01,2019,20,CGY,D,24,304,307,221,225,97.8,62.1,37.9,15:29,14:01,43.1
James van Riemsdyk,vanrija01,2019,29,PHI,LW,66,885,960,649,707,101,55.5,44.5,16:36,13:46,63.7
Trevor van Riemsdyk,vanritr01,2019,27,CAR,D,78,1136,949,847,707,98.2,55.7,44.3,15:04,13:59,50
Thomas Vanek,vanekth01,2019,35,DET,LW,64,640,731,486,564,99.4,66.5,33.5,14:07,11:31,55.4
Phil Varone,varonph01,2019,28,PHI,C,47,293,373,202,270,100.6,41.3,58.7,7:54,7:46,63
Sami Vatanen,vatansa01,2019,27,NJD,D,50,797,862,618,663,96.7,47.2,52.8,21:43,17:14,52.5
Frank Vatrano,vatrafr01,2019,24,FLA,LW,81,995,997,774,737,97.8,50,50,14:40,0.541666667,64.2
Max Veronneau,veronma01,2019,23,OTT,RW,12,105,173,81,121,96,55.6,44.4,12:31,11:20,65.2
Kristian Vesalainen,vesalkr01,2019,19,WPG,W,5,34,36,21,28,100.4,60,40,6:50,6:34,50
Jimmy Vesey,veseyji02,2019,25,NYR,LW,81,925,1095,692,850,100.3,47.2,52.8,16:03,13:05,58
Jake Virtanen,virtaja01,2019,22,VAN,RW,70,864,944,626,681,100,45.4,54.6,14:49,13:31,53.1
Marc-Edouard Vlasic,vlasima01,2019,31,SJS,D,72,1201,1232,887,911,99.2,44.2,55.8,21:03,17:40,42.4
Jakub Voracek,voracja01,2019,29,PHI,RW,78,1193,1214,895,879,98.5,49.3,50.7,18:40,15:18,54.9
Mikhail Vorobyev,vorobmi01,2019,22,PHI,C,15,99,140,73,101,104.7,48,52,9:20,8:26,76.9
Jakub Vrana,vranaja01,2019,22,WSH,LW,82,1048,1024,800,761,104,52.9,47.1,14:02,12:54,58
Austin Wagner,wagneau01,2019,21,LAK,LW,62,496,542,357,402,101.6,54.1,45.9,8:56,8:50,56.3
Chris Wagner,wagnech01,2019,27,BOS,C,76,787,795,610,589,100.4,34.5,65.5,13:27,11:58,62.5
Nathan Walker,walkena01,2019,24,WSH,C,3,21,23,20,16,108.3,40,60,8:09,7:19,40
Sean Walker,walkese01,2019,24,LAK,D,39,576,585,425,429,97.3,46.3,53.7,15:26,15:03,46.6
Lucas Wallmark,wallmlu01,2019,23,CAR,C,81,1101,935,845,693,97.7,46.7,53.3,14:48,12:40,58.5
Austin Watson,watsoau01,2019,27,NSH,LW,37,398,464,307,326,105.9,25.8,74.2,14:30,12:42,56.6
Jordan Weal,wealjo01,2019,26,TOT,C,63,782,668,570,495,96.6,52.9,47.1,13:27,12:19,54.7
Shea Weber,webersh01,2019,33,MTL,D,58,1188,1022,871,765,101.7,47.5,52.5,23:27,18:06,49
Yannick Weber,weberya01,2019,30,NSH,D,62,679,617,508,455,101.3,53.8,46.2,11:55,11:29,54.9
MacKenzie Weegar,weegama01,2019,25,FLA,D,64,908,846,675,591,98.3,56.4,43.6,16:58,15:15,50.6
Dale Weise,weiseda01,2019,30,TOT,RW,51,441,473,337,345,97.5,43.6,56.4,11:47,10:19,61.7
Andy Welinski,welinan01,2019,25,ANA,D,26,375,384,266,299,98.8,65.9,34.1,16:02,15:12,42.1
Alexander Wennberg,wennbal01,2019,24,CBJ,C,75,837,810,634,603,98.4,49,51,15:05,11:55,57.7
Zach Werenski,werenza01,2019,21,CBJ,D,82,1528,1467,1184,1121,98.4,54.9,45.1,22:54,19:09,48.3
Blake Wheeler,wheelbl01,2019,32,WPG,RW,82,1257,1331,952,1004,100.8,57.5,42.5,20:43,0.666666667,61.1
Colin White,whiteco02,2019,22,OTT,C,71,933,1016,686,747,97.3,47.6,52.4,16:11,13:51,53.9
Colton White,whiteco03,2019,21,NJD,D,3,28,52,19,35,95.6,46.7,53.3,14:14,13:52,16.7
Chris Wideman,widemch01,2019,29,TOT,D,25,246,305,184,230,95.8,51.3,48.7,13:03,10:53,40.9
Justin Williams,williju01,2019,37,CAR,RW,82,1467,1049,1088,794,97.4,55.7,44.3,17:27,14:43,62.9
Colin Wilson,wilsoco01,2019,29,COL,C,65,681,747,503,531,99,48.8,51.2,13:34,11:29,60.8
Garrett Wilson,wilsoga01,2019,27,PIT,LW,50,310,340,243,251,101.5,21,79,7:37,7:01,67.5
Scott Wilson,wilsosc01,2019,26,BUF,C/LW,15,132,133,93,106,90.2,36.1,63.9,11:27,10:09,65.8
Tom Wilson,wilsoto01,2019,24,WSH,RW,63,920,961,708,736,102,51.3,48.7,18:09,14:30,56.8
Luke Witkowski,witkolu01,2019,28,DET,D,34,257,325,192,253,98.5,56.7,43.3,9:36,8:58,50
Christian Wolanin,wolanch01,2019,23,OTT,D,30,418,492,320,383,103.6,48.1,51.9,17:20,15:24,52.2
Miles Wood,woodmi01,2019,23,NJD,LW,63,756,790,611,606,97.5,39.3,60.7,13:42,12:16,62.8
Egor Yakovlev,yakoveg01,2019,27,NJD,D,25,300,380,217,296,99,42.5,57.5,15:40,15:33,44.4
Kailer Yamamoto,yamamka01,2019,20,EDM,RW,17,191,179,142,128,94.1,45.7,54.3,13:04,11:45,59.1
Keith Yandle,yandlke01,2019,32,FLA,D,82,1527,1507,1174,1166,98.6,49.8,50.2,22:27,18:30,49
Pavel Zacha,zachapa01,2019,21,NJD,C,61,641,742,503,567,98.9,43.2,56.8,16:05,12:03,57.9
Filip Zadina,zadinfi01,2019,19,DET,RW,9,91,149,64,123,96.9,64.2,35.8,15:23,13:05,47.4
Nikita Zadorov,zadorni01,2019,23,COL,D,70,1015,1041,751,760,102.7,52.8,47.2,17:12,15:27,47.8
Nikita Zaitsev,zaitsni01,2019,27,TOR,D,81,1459,1517,1012,1164,101,41.1,58.9,20:28,17:28,31
Travis Zajac,zajactr01,2019,33,NJD,C,80,1003,1106,785,848,96,37,63,19:16,13:46,60.9
Jakub Zboril,zborija01,2019,21,BOS,D,2,18,14,14,9,100,42.9,57.1,10:56,10:54,50
Mika Zibanejad,zibanmi01,2019,25,NYR,C,82,1158,1234,887,918,98.3,46,54,20:34,15:44,60.2
Mats Zuccarello,zuccama01,2019,31,TOT,LW,48,688,714,520,540,98.9,48.9,51.1,19:51,15:20,57.1
Jason Zucker,zuckeja01,2019,27,MIN,LW,81,1263,1111,944,825,97.4,55.8,44.2,17:05,14:31,53.8
Valentin Zykov,zykovva01,2019,23,TOT,LW,28,254,179,181,132,94.5,63.1,36.9,9:57,8:23,50.9
